id_igralca,kratica,leto,stevilka,pozicija,visina_cm,teza_lb,izkusnje
cunnija01,CLE,2016,9,SG,193,195,3
dellama01,CLE,2016,8,PG,190,200,2
fryech01,CLE,2016,9,C,213,255,9
harrijo01,CLE,2016,12,SG,198,220,1
irvinky01,CLE,2016,2,PG,188,195,4
jamesle01,CLE,2016,23,SF,206,250,12
jefferi01,CLE,2016,24,SF,201,233,14
jonesda02,CLE,2016,30,SF,198,225,11
jonesja02,CLE,2016,1,SF,203,218,12
kaunsa01,CLE,2016,14,C,211,260,0
loveke01,CLE,2016,0,PF,208,251,7
mcraejo01,CLE,2016,12,PG,196,179,0
mozgoti01,CLE,2016,20,C,216,275,5
shumpim01,CLE,2016,4,SG,196,212,4
smithjr01,CLE,2016,5,SG,198,225,11
thomptr01,CLE,2016,13,PF,206,254,4
varejan01,CLE,2016,17,C,211,273,11
willima01,CLE,2016,52,PG,185,198,12
bennean01,TOR,2016,15,PF,203,245,2
biyombi01,TOR,2016,8,C,203,255,4
cabocbr01,TOR,2016,20,SF,206,218,1
carrode01,TOR,2016,5,SF,198,215,6
derozde01,TOR,2016,10,SG,198,220,6
johnsja01,TOR,2016,3,PF,201,240,6
josepco01,TOR,2016,6,SG,188,200,4
lowryky01,TOR,2016,7,PG,183,196,9
noguelu01,TOR,2016,92,C,213,241,1
pattepa01,TOR,2016,54,PF,203,235,5
powelno01,TOR,2016,24,SG,190,215,0
rosste01,TOR,2016,31,SF,198,206,3
scolalu01,TOR,2016,4,PF,206,240,8
thompja02,TOR,2016,1,C,211,250,7
valanjo01,TOR,2016,17,C,211,265,3
wrighde01,TOR,2016,55,PG,193,185,0
anderch01,MIA,2016,11,C,208,245,13
boshch01,MIA,2016,1,PF,211,235,12
chalmma01,MIA,2016,15,PG,188,190,7
denglu01,MIA,2016,9,PF,206,237,11
dragigo01,MIA,2016,7,PG,193,190,7
ennisja01,MIA,2016,32,SF,198,215,1
greenge01,MIA,2016,14,SG,198,205,8
hasleud01,MIA,2016,40,PF,203,235,12
johnsjo02,MIA,2016,2,SF,201,240,14
johnsty01,MIA,2016,8,SG,190,186,1
mcrobjo01,MIA,2016,4,PF,208,240,8
richajo01,MIA,2016,0,SG,196,200,0
stokeja01,MIA,2016,12,C,206,255,1
stoudam01,MIA,2016,5,C,208,245,13
udrihbe01,MIA,2016,19,PG,190,205,11
wadedw01,MIA,2016,3,SG,193,220,12
weberbr01,MIA,2016,12,PG,188,170,0
whiteha01,MIA,2016,21,C,213,265,3
winslju01,MIA,2016,20,SF,198,222,0
wrighdo01,MIA,2016,11,SF,206,205,11
bazemke01,ATL,2016,24,SF,193,195,3
hardati02,ATL,2016,10,SG,196,205,2
hinriki01,ATL,2016,12,PG,193,190,12
holidju01,ATL,2016,7,SG,198,180,2
horfoal01,ATL,2016,15,C,203,240,8
humphkr01,ATL,2016,43,PF,206,235,11
korveky01,ATL,2016,26,SG,201,212,12
macksh01,ATL,2016,8,PG,190,203,4
millspa01,ATL,2016,4,PF,201,257,9
muscami01,ATL,2016,31,C,208,240,2
pattela01,ATL,2016,13,SG,196,225,0
schrode01,ATL,2016,17,PG,185,175,2
scottmi01,ATL,2016,32,PF,201,237,3
sefolth01,ATL,2016,25,SF,198,215,9
splitti01,ATL,2016,11,C,211,245,5
tavarwa01,ATL,2016,22,C,221,260,0
teaguje01,ATL,2016,0,PG,190,195,6
bradlav01,BOS,2016,0,SG,190,180,5
clarkco01,BOS,2016,63,SF,201,232,0
crowdja01,BOS,2016,99,SF,198,235,3
hollajo02,BOS,2016,30,SF,196,205,0
hunterj01,BOS,2016,28,SG,196,185,0
jerebjo01,BOS,2016,8,PF,208,231,5
johnsam01,BOS,2016,90,PF,206,240,10
leeda02,BOS,2016,42,PF,206,245,10
mickejo01,BOS,2016,55,PF,203,235,0
olynyke01,BOS,2016,41,C,213,240,2
roziete01,BOS,2016,12,PG,185,190,0
smartma01,BOS,2016,36,PG,190,220,1
sullija01,BOS,2016,7,PF,206,260,3
thomais02,BOS,2016,4,PG,175,185,4
turneev01,BOS,2016,11,SG,198,220,5
youngja01,BOS,2016,13,SG,198,215,1
zellety01,BOS,2016,44,C,213,253,3
batumni01,CHO,2016,5,SF,201,230,7
danietr01,CHO,2016,30,SG,193,200,2
gutiejo01,CHO,2016,12,PG,190,191,2
hairspj02,CHO,2016,19,SF,198,230,1
hansbty01,CHO,2016,50,PF,206,250,6
harriaa01,CHO,2016,9,SG,198,210,0
hawessp01,CHO,2016,00,PF,216,245,8
jeffeal01,CHO,2016,25,C,208,289,11
kaminfr01,CHO,2016,44,C,213,240,0
kiddgmi01,CHO,2016,14,SF,198,230,3
lambje01,CHO,2016,3,SG,196,180,3
leeco01,CHO,2016,1,SG,196,215,7
linje01,CHO,2016,7,SG,190,200,5
roberbr01,CHO,2016,22,PG,185,173,3
walkeke02,CHO,2016,15,PG,183,184,4
willima02,CHO,2016,2,PF,203,237,10
zelleco01,CHO,2016,40,C,211,240,2
allenla01,IND,2016,5,PF,206,260,4
budinch01,IND,2016,10,SF,201,209,6
chrisra01,IND,2016,25,PF,206,250,0
ellismo01,IND,2016,11,SG,190,185,10
georgpa01,IND,2016,13,SF,203,220,5
hillge01,IND,2016,3,PG,193,188,7
hilljo01,IND,2016,27,C,208,235,6
hillso01,IND,2016,44,SF,198,226,2
lawsoty01,IND,2016,10,PG,180,195,6
mahinia01,IND,2016,28,C,211,262,7
milescj01,IND,2016,0,SF,198,220,10
robingl02,IND,2016,40,SF,198,222,1
stuckro01,IND,2016,2,PG,196,210,8
turnemy01,IND,2016,33,C,211,250,0
whittsh01,IND,2016,42,PF,211,250,1
youngjo01,IND,2016,1,PG,188,185,0
anthojo01,DET,2016,50,C,206,245,8
baynear01,DET,2016,12,C,208,260,3
blakest01,DET,2016,22,PG,190,172,12
bullore01,DET,2016,25,SF,198,205,2
caldwke01,DET,2016,5,SG,196,204,2
dinwisp01,DET,2016,8,PG,196,215,1
drumman01,DET,2016,0,C,211,279,3
harpeju01,DET,2016,32,PF,208,225,1
harrito02,DET,2016,34,PF,203,226,4
hillida01,DET,2016,6,SG,198,220,0
ilyaser01,DET,2016,23,PF,206,235,7
jacksre01,DET,2016,1,PG,188,208,4
jennibr01,DET,2016,7,PG,185,170,6
johnsst04,DET,2016,3,SF,198,242,0
meeksjo01,DET,2016,20,SG,193,210,6
morrima03,DET,2016,13,SF,203,218,4
tollian01,DET,2016,43,PF,203,240,7
bairsca01,CHI,2016,41,C,206,250,1
brookaa01,CHI,2016,0,PG,183,161,7
butleji01,CHI,2016,21,SG,198,230,4
dunlemi02,CHI,2016,34,SF,206,230,13
feliccr01,CHI,2016,6,C,211,270,0
gasolpa01,CHI,2016,16,C,213,250,14
gibsota01,CHI,2016,22,PF,206,232,6
hinriki01,CHI,2016,12,PG,193,190,12
holidju01,CHI,2016,7,SG,198,180,2
mcderdo01,CHI,2016,3,SF,201,225,1
mirotni01,CHI,2016,44,PF,208,250,1
mooreet01,CHI,2016,55,SG,190,191,4
noahjo01,CHI,2016,13,C,211,230,8
portibo01,CHI,2016,5,PF,206,250,0
rosede01,CHI,2016,1,PG,190,200,6
snellto01,CHI,2016,20,SF,198,213,2
anderal01,WAS,2016,6,SG,198,220,6
bealbr01,WAS,2016,3,SG,193,207,3
blairde01,WAS,2016,45,C,201,270,6
dudleja01,WAS,2016,1,PF,198,237,8
eddieja01,WAS,2016,8,SF,201,218,0
goodedr01,WAS,2016,90,PF,208,250,13
gortama01,WAS,2016,13,C,211,240,8
hicksjj01,WAS,2016,21,C,206,242,7
hilarne01,WAS,2016,42,PF,211,250,13
holliry01,WAS,2016,15,C,213,240,9
humphkr01,WAS,2016,43,PF,206,235,11
morrima02,WAS,2016,5,PF,206,245,4
nealga01,WAS,2016,14,SG,193,210,5
oubreke01,WAS,2016,12,SF,203,203,0
porteot01,WAS,2016,22,SF,203,198,2
sessira01,WAS,2016,7,PG,190,190,8
templga01,WAS,2016,17,SF,196,195,5
thornma01,WAS,2016,15,SG,193,205,6
walljo01,WAS,2016,2,PG,190,210,5
applike01,ORL,2016,15,PG,185,185,0
dedmode01,ORL,2016,3,C,208,245,2
fournev01,ORL,2016,10,SF,198,205,3
fryech01,ORL,2016,8,PF,213,255,9
gordoaa01,ORL,2016,00,PF,203,235,1
harrito02,ORL,2016,12,PF,203,226,4
hezonma01,ORL,2016,23,SF,203,220,0
ilyaser01,ORL,2016,7,PF,206,235,7
jennibr01,ORL,2016,55,PG,185,170,6
marblde01,ORL,2016,11,SG,198,200,1
napiesh01,ORL,2016,13,PG,183,175,1
nichoan01,ORL,2016,44,PF,206,250,3
oladivi01,ORL,2016,5,SG,190,213,2
paytoel01,ORL,2016,4,PG,190,195,1
smithja02,ORL,2016,14,C,213,240,7
vucevni01,ORL,2016,9,C,206,260,4
watsocj01,ORL,2016,32,PG,188,175,8
antetgi01,MIL,2016,34,PG,211,243,2
bayleje01,MIL,2016,19,SG,190,200,7
cartemi01,MIL,2016,5,PG,198,205,2
copelch01,MIL,2016,9,PF,206,239,3
cunnija01,MIL,2016,9,SG,193,195,3
ennisty01,MIL,2016,11,PG,190,194,1
hensojo01,MIL,2016,31,C,206,219,3
inglida01,MIL,2016,17,SF,203,246,0
mayooj01,MIL,2016,3,SG,196,210,7
middlkh01,MIL,2016,22,SG,201,222,3
monrogr01,MIL,2016,15,C,211,265,5
novakst01,MIL,2016,6,PF,208,225,9
obryajo01,MIL,2016,77,PF,206,257,1
parkeja01,MIL,2016,12,PF,201,245,1
plumlmi01,MIL,2016,18,C,211,249,3
vasqugr01,MIL,2016,21,PG,198,217,5
vaughra01,MIL,2016,20,SG,198,210,0
afflaar01,NYK,2016,4,SG,196,210,8
amundlo01,NYK,2016,17,PF,206,220,9
antetth01,NYK,2016,43,SF,201,219,0
anthoca01,NYK,2016,7,SF,201,238,12
caldejo01,NYK,2016,3,PG,190,200,10
earlycl01,NYK,2016,11,SF,203,210,1
fredeji01,NYK,2016,32,SG,188,195,4
gallola01,NYK,2016,2,PG,185,200,1
grantje02,NYK,2016,13,PG,193,205,0
lopezro01,NYK,2016,8,C,216,281,7
oquinky01,NYK,2016,9,PF,206,250,3
porzikr01,NYK,2016,6,PF,218,240,0
serapke01,NYK,2016,1,C,206,285,5
thomala01,NYK,2016,42,PF,203,240,4
vujacsa01,NYK,2016,18,SG,201,195,8
willide02,NYK,2016,23,SF,203,240,4
bargnan01,BRK,2016,9,C,213,245,9
bogdabo02,BRK,2016,44,SF,201,226,1
brownma02,BRK,2016,22,SG,190,190,1
ellinwa01,BRK,2016,21,SG,193,207,6
holliro01,BRK,2016,24,SF,198,217,0
jackja01,BRK,2016,2,PG,190,200,10
johnsjo02,BRK,2016,7,SF,201,240,14
karasse01,BRK,2016,10,SF,201,208,2
kilpase01,BRK,2016,6,SG,193,210,1
larkish01,BRK,2016,0,PG,180,175,2
lopezbr01,BRK,2016,11,C,216,282,7
mcculch01,BRK,2016,1,PF,211,200,0
reedwi02,BRK,2016,33,C,211,245,0
robinth01,BRK,2016,41,PF,208,237,3
simshe01,BRK,2016,14,C,208,248,3
sloando01,BRK,2016,15,PG,190,205,4
youngth01,BRK,2016,30,PF,203,225,8
brandel01,PHI,2016,42,C,206,275,16
canaais01,PHI,2016,0,SG,183,200,2
covinro01,PHI,2016,33,SF,201,209,2
grantje01,PHI,2016,39,PF,201,213,1
holmeri01,PHI,2016,22,PF,206,235,0
landrca01,PHI,2016,7,PF,206,248,8
marshke01,PHI,2016,5,PG,193,200,3
mccontj01,PHI,2016,12,PG,185,190,0
noelne01,PHI,2016,4,C,208,220,1
okafoja01,PHI,2016,8,C,208,270,0
pressph01,PHI,2016,26,PG,180,175,2
sampsja02,PHI,2016,9,SF,201,214,1
smithis01,PHI,2016,1,PG,183,175,5
stausni01,PHI,2016,11,SG,198,205,1
thompho01,PHI,2016,31,SG,203,206,2
weemsso01,PHI,2016,9,SF,198,205,3
woodch01,PHI,2016,35,PF,203,214,0
wroteto01,PHI,2016,1,PG,198,205,3
barbole01,GSW,2016,19,SG,190,194,12
barneha02,GSW,2016,40,SF,201,225,3
bogutan01,GSW,2016,12,C,213,260,10
clarkia01,GSW,2016,21,SG,190,175,2
curryst01,GSW,2016,30,PG,188,185,6
ezelife01,GSW,2016,31,C,211,255,2
greendr01,GSW,2016,23,PF,198,230,3
iguodan01,GSW,2016,9,SF,198,215,11
livinsh01,GSW,2016,34,PG,201,192,10
looneke01,GSW,2016,36,PF,206,222,0
mcadoja01,GSW,2016,20,PF,206,230,1
rushbr01,GSW,2016,4,SG,198,220,7
speigma01,GSW,2016,5,C,208,255,7
thompja02,GSW,2016,1,C,211,250,7
thompkl01,GSW,2016,11,SG,196,220,4
varejan01,GSW,2016,18,C,211,273,11
aldrila01,SAS,2016,12,PF,211,250,9
anderky01,SAS,2016,1,SF,203,230,1
bonnema01,SAS,2016,15,C,208,235,11
butlera01,SAS,2016,18,SF,201,215,12
diawbo01,SAS,2016,33,PF,203,250,12
duncati01,SAS,2016,21,C,211,250,18
ginobma01,SAS,2016,20,SG,198,205,13
greenda02,SAS,2016,14,SG,198,215,6
leonaka01,SAS,2016,2,SF,198,225,4
marjabo01,SAS,2016,40,C,224,290,0
martike02,SAS,2016,23,SG,201,199,11
mccalra01,SAS,2016,3,PG,190,190,2
millean02,SAS,2016,24,PG,190,200,16
millspa02,SAS,2016,8,PG,188,180,6
parketo01,SAS,2016,9,PG,188,185,14
simmojo02,SAS,2016,17,SG,198,195,0
westda01,SAS,2016,30,PF,206,250,12
adamsst01,OKC,2016,12,C,211,265,2
augusdj01,OKC,2016,14,PG,180,183,7
collini01,OKC,2016,4,PF,208,255,11
duranke01,OKC,2016,35,SF,211,240,8
foyera01,OKC,2016,6,SG,193,213,9
kanteen01,OKC,2016,11,C,208,250,4
huestjo01,OKC,2016,34,PF,201,230,0
ibakase01,OKC,2016,9,PF,211,235,6
mcgarmi01,OKC,2016,33,PF,208,255,1
mohamna01,OKC,2016,13,C,208,221,17
morroan01,OKC,2016,2,SG,196,210,7
novakst01,OKC,2016,6,PF,208,225,9
payneca01,OKC,2016,22,PG,188,183,0
roberan03,OKC,2016,21,SG,201,210,2
singlky01,OKC,2016,5,SF,203,228,3
waitedi01,OKC,2016,3,SG,190,215,3
westbru01,OKC,2016,0,PG,193,200,7
aldrico01,LAC,2016,45,C,211,253,5
pendeje02,LAC,2016,19,C,206,240,5
crawfja01,LAC,2016,11,SG,196,185,15
dawsobr01,LAC,2016,22,PF,198,225,0
greenje02,LAC,2016,8,SF,203,235,7
griffbl01,LAC,2016,32,PF,206,250,5
johnswe01,LAC,2016,33,SF,201,215,5
jordade01,LAC,2016,6,C,211,265,7
mbahalu01,LAC,2016,12,PF,203,230,7
paulch01,LAC,2016,3,PG,183,175,10
piercpa01,LAC,2016,34,SF,201,235,17
prigipa01,LAC,2016,9,PG,190,185,3
redicjj01,LAC,2016,4,SG,190,200,9
riverau01,LAC,2016,25,SG,193,200,3
smithjo03,LAC,2016,5,PF,206,225,11
stephla01,LAC,2016,1,SF,198,230,5
stephal01,LAC,2016,35,PF,208,270,0
wilcocj01,LAC,2016,30,SG,196,195,1
alexacl01,POR,2016,34,PF,203,245,0
aminual01,POR,2016,8,SF,206,220,5
connapa01,POR,2016,5,SG,196,209,0
crabbal01,POR,2016,23,SG,196,212,2
davised01,POR,2016,17,PF,206,218,5
fraziti01,POR,2016,10,PG,185,170,1
harklma01,POR,2016,4,SF,201,220,3
hendege02,POR,2016,9,SG,196,215,6
kamanch01,POR,2016,35,C,213,265,12
leoname01,POR,2016,11,PF,213,260,3
lillada01,POR,2016,0,PG,188,200,3
mccolcj01,POR,2016,3,SG,190,190,2
montelu01,POR,2016,44,SG,201,200,0
plumlma01,POR,2016,24,C,213,254,2
roberbr01,POR,2016,2,PG,185,173,3
vonleno01,POR,2016,21,PF,208,257,1
anderju01,DAL,2016,1,SF,198,230,0
bareajo01,DAL,2016,5,PG,178,180,9
evansje01,DAL,2016,21,SF,206,200,5
feltora01,DAL,2016,2,PG,185,205,10
harride01,DAL,2016,34,PG,190,185,11
jenkijo01,DAL,2016,12,SG,193,215,3
leeda02,DAL,2016,42,PF,206,245,10
matthwe02,DAL,2016,23,SF,196,220,6
mcgeeja01,DAL,2016,11,C,213,270,7
mejrisa01,DAL,2016,50,C,218,235,0
nowitdi01,DAL,2016,41,PF,213,245,17
pachuza01,DAL,2016,27,C,211,270,12
parsoch01,DAL,2016,25,SF,206,230,4
poweldw01,DAL,2016,7,PF,208,240,1
villach01,DAL,2016,3,PF,211,232,10
willide01,DAL,2016,8,PG,190,200,10
adamsjo01,MEM,2016,3,SG,196,209,1
allento01,MEM,2016,9,SG,193,213,11
anderch01,MEM,2016,7,C,208,245,13
barnema02,MEM,2016,22,SF,201,226,12
cartevi01,MEM,2016,15,SG,198,220,17
chalmma01,MEM,2016,6,PG,188,190,7
conlemi01,MEM,2016,11,PG,185,175,8
cottobr01,MEM,2016,8,PG,185,165,1
ennisja01,MEM,2016,8,SF,198,215,1
farmajo01,MEM,2016,4,PG,188,180,8
gasolma01,MEM,2016,33,C,211,255,7
greenja01,MEM,2016,0,PF,206,227,1
greenje02,MEM,2016,32,SF,203,235,7
hairspj02,MEM,2016,19,SF,198,230,1
holliry01,MEM,2016,20,C,213,240,9
leeco01,MEM,2016,5,SG,196,215,7
martija01,MEM,2016,10,PF,208,239,0
mccalra01,MEM,2016,5,PG,190,190,2
munfoxa02,MEM,2016,14,SG,193,173,0
randoza01,MEM,2016,50,PF,206,250,14
smithru01,MEM,2016,2,PG,183,165,1
stephla01,MEM,2016,1,SF,198,230,5
stephal01,MEM,2016,35,PF,208,270,0
stokeja01,MEM,2016,1,C,206,255,1
udrihbe01,MEM,2016,19,PG,190,205,11
weberbr01,MEM,2016,2,PG,188,170,0
williel01,MEM,2016,25,PG,196,190,3
wrighbr03,MEM,2016,34,PF,208,235,7
arizatr01,HOU,2016,1,SF,203,215,11
beaslmi01,HOU,2016,8,PF,206,235,7
beverpa01,HOU,2016,2,PG,188,180,3
breweco01,HOU,2016,33,SF,206,186,8
capelca01,HOU,2016,15,C,208,256,1
dekkesa01,HOU,2016,7,PF,206,230,0
goudean01,HOU,2016,0,PG,190,200,2
hardeja01,HOU,2016,13,SG,196,220,6
harremo01,HOU,2016,35,PF,201,240,0
hayesch01,HOU,2016,44,C,198,240,10
howardw01,HOU,2016,12,C,208,265,11
joneste01,HOU,2016,6,PF,206,252,3
lawsoty01,HOU,2016,3,PG,180,195,6
mcdankj01,HOU,2016,32,SF,198,205,1
motiedo01,HOU,2016,20,PF,213,255,3
smithjo03,HOU,2016,5,PF,206,225,11
terryja01,HOU,2016,31,SG,188,185,16
thornma01,HOU,2016,10,SG,193,205,6
booketr01,UTA,2016,33,PF,203,228,5
burketr01,UTA,2016,3,PG,183,185,2
burksal01,UTA,2016,10,SG,196,214,4
favorde01,UTA,2016,15,PF,206,265,5
goberru01,UTA,2016,27,C,216,258,2
greener01,UTA,2016,18,PG,193,185,1
haywago01,UTA,2016,20,SF,201,225,5
hoodro01,UTA,2016,5,SG,203,208,1
inglejo01,UTA,2016,2,SF,203,220,1
johnsch04,UTA,2016,23,SF,198,206,3
lylestr01,UTA,2016,41,PF,206,234,0
macksh01,UTA,2016,8,PG,190,203,4
millsel01,UTA,2016,13,SG,198,225,1
netora01,UTA,2016,25,PG,188,180,0
obriejj01,UTA,2016,22,SF,201,228,0
pleisti01,UTA,2016,21,C,221,256,0
witheje01,UTA,2016,24,C,213,230,2
acyqu01,SAC,2016,13,PF,201,240,3
anderja01,SAC,2016,5,SG,198,213,4
belinma01,SAC,2016,3,SG,196,220,8
butleca01,SAC,2016,31,SF,201,228,13
casspom01,SAC,2016,18,PF,206,225,6
caulewi01,SAC,2016,00,C,213,240,0
collida01,SAC,2016,7,PG,183,175,6
couside01,SAC,2016,15,C,208,270,5
curryse01,SAC,2016,30,PG,185,185,2
dukandu01,SAC,2016,26,SF,206,220,0
gayru01,SAC,2016,8,SF,203,250,9
koufoko01,SAC,2016,41,C,213,245,7
mclembe01,SAC,2016,23,SG,190,195,2
moreler01,SAC,2016,25,PF,208,238,1
rondora01,SAC,2016,9,PG,185,180,9
arthuda01,DEN,2016,00,PF,206,235,6
augusdj01,DEN,2016,12,PG,180,183,7
bartowi01,DEN,2016,5,SG,196,181,3
farieke01,DEN,2016,35,PF,203,220,4
foyera01,DEN,2016,4,SG,193,213,9
gallida01,DEN,2016,8,SF,208,236,6
greener01,DEN,2016,11,PG,193,185,1
harriga01,DEN,2016,14,SG,193,210,1
hicksjj01,DEN,2016,7,C,206,242,7
jokicni01,DEN,2016,15,C,211,284,0
kilpase01,DEN,2016,6,SG,193,210,1
lauvejo01,DEN,2016,77,C,211,260,1
millemi01,DEN,2016,3,SF,203,218,15
mudiaem01,DEN,2016,0,PG,190,200,0
nelsoja01,DEN,2016,1,PG,183,190,11
nurkiju01,DEN,2016,23,C,211,290,1
papanko01,DEN,2016,16,SF,203,225,1
sampsja02,DEN,2016,9,SF,201,214,1
toupaax01,DEN,2016,6,SF,201,210,0
ajincal01,NOP,2016,42,C,218,248,5
anderry01,NOP,2016,33,PF,206,240,7
asikom01,NOP,2016,3,C,213,255,5
babbilu01,NOP,2016,8,SF,206,225,5
coleno01,NOP,2016,30,PG,188,175,4
cunnida01,NOP,2016,44,SF,203,230,6
davisan02,NOP,2016,23,C,208,253,3
dejeabr01,NOP,2016,31,SG,198,209,0
douglto01,NOP,2016,16,PG,188,195,6
ennisja01,NOP,2016,4,SF,198,215,1
evansty01,NOP,2016,1,SG,198,220,6
fraziti01,NOP,2016,2,PG,185,170,1
fredeji01,NOP,2016,32,SG,188,195,4
geeal01,NOP,2016,15,SF,198,225,6
gordoer01,NOP,2016,10,SG,190,215,7
hamiljo02,NOP,2016,25,SF,201,220,4
holidjr01,NOP,2016,11,PG,193,220,6
johnsor01,NOP,2016,0,SG,196,220,2
perkike01,NOP,2016,5,C,208,270,12
robinna01,NOP,2016,2,PG,175,180,10
smithis01,NOP,2016,4,PG,183,175,5
bjeline01,MIN,2016,88,PF,208,234,0
dienggo01,MIN,2016,5,C,208,252,2
garneke01,MIN,2016,21,PF,211,240,20
jonesty01,MIN,2016,1,PG,183,196,0
lavinza01,MIN,2016,8,SG,196,200,1
martike02,MIN,2016,23,SG,201,199,11
millean02,MIN,2016,24,PG,190,200,16
muhamsh01,MIN,2016,15,SF,196,225,2
paynead01,MIN,2016,33,PF,208,237,1
pekovni01,MIN,2016,14,C,211,307,5
princta01,MIN,2016,12,SF,206,212,13
rubiori01,MIN,2016,9,PG,188,190,4
rudezda01,MIN,2016,10,SF,208,228,1
smithgr02,MIN,2016,4,PF,208,250,4
townska01,MIN,2016,32,C,213,248,0
wiggian01,MIN,2016,22,SF,198,197,1
bledser01,PHO,2016,2,PG,185,214,5
bookede01,PHO,2016,1,SG,196,206,0
brownlo01,PHO,2016,41,PG,196,189,2
budinch01,PHO,2016,10,SF,201,209,6
chandty01,PHO,2016,4,C,213,235,14
cottobr01,PHO,2016,8,PG,185,165,1
goodwar01,PHO,2016,20,PG,196,200,2
humphkr01,PHO,2016,43,PF,206,235,11
jeffeco01,PHO,2016,55,PF,206,218,1
jenkijo01,PHO,2016,23,SG,193,215,3
johnsor01,PHO,2016,0,SG,196,220,2
knighbr03,PHO,2016,3,SG,188,182,4
lenal01,PHO,2016,21,C,213,250,2
leuerjo01,PHO,2016,30,PF,208,228,4
mcraejo01,PHO,2016,52,PG,196,179,0
morrima02,PHO,2016,11,PF,206,245,4
pressph01,PHO,2016,25,PG,180,175,2
pricero01,PHO,2016,14,PG,188,190,10
teletmi01,PHO,2016,35,PF,206,242,3
tuckepj01,PHO,2016,17,SF,196,245,4
warretj01,PHO,2016,12,SF,203,220,1
weemsso01,PHO,2016,10,SG,198,205,3
willial03,PHO,2016,15,PF,203,265,0
bassbr01,LAL,2016,2,PF,203,250,10
blackta01,LAL,2016,28,C,206,250,1
brownan02,LAL,2016,3,SF,201,224,0
bryanko01,LAL,2016,24,SF,198,212,19
clarkjo01,LAL,2016,6,SG,196,194,1
hibbero01,LAL,2016,17,C,218,270,7
huertma01,LAL,2016,9,PG,190,200,0
kellyry01,LAL,2016,4,PF,211,230,2
nancela02,LAL,2016,7,PF,198,245,0
randlju01,LAL,2016,30,PF,206,250,1
russeda01,LAL,2016,1,PG,190,193,0
sacrero01,LAL,2016,50,C,213,270,3
willilo02,LAL,2016,23,SG,188,175,10
artesro01,LAL,2016,37,SF,201,260,15
youngni01,LAL,2016,0,SG,201,210,8
bradlav01,BOS,2017,0,SG,190,180,6
brownja02,BOS,2017,7,SF,198,223,0
crowdja01,BOS,2017,99,SF,198,235,4
greenge01,BOS,2017,30,SF,198,205,9
horfoal01,BOS,2017,42,C,203,240,9
jacksde01,BOS,2017,9,PG,185,201,0
jerebjo01,BOS,2017,8,PF,208,231,6
johnsam01,BOS,2017,90,PF,206,240,11
mickejo01,BOS,2017,55,PF,203,235,1
olynyke01,BOS,2017,41,C,213,240,3
roziete01,BOS,2017,12,PG,185,190,1
smartma01,BOS,2017,36,SG,190,220,2
thomais02,BOS,2017,4,PG,175,185,5
youngja01,BOS,2017,13,SG,198,215,2
zellety01,BOS,2017,44,C,213,253,4
anderch01,CLE,2017,00,C,208,245,14
bogutan01,CLE,2017,6,C,213,260,11
dunlemi02,CLE,2017,3,SF,206,230,14
feldeka01,CLE,2017,20,PG,175,176,0
fryech01,CLE,2017,8,C,213,255,10
irvinky01,CLE,2017,2,PG,188,195,5
jamesle01,CLE,2017,23,SF,206,250,13
jefferi01,CLE,2017,24,SF,201,233,15
jonesda02,CLE,2017,30,SF,198,225,12
jonesja02,CLE,2017,1,SF,203,218,13
korveky01,CLE,2017,26,SG,201,212,13
liggide01,CLE,2017,14,SG,198,209,3
loveke01,CLE,2017,0,PF,208,251,8
mcraejo01,CLE,2017,12,SG,196,179,1
sandela01,CLE,2017,9,C,211,235,5
shumpim01,CLE,2017,4,SG,196,212,5
smithjr01,CLE,2017,5,SG,198,225,12
tavarwa01,CLE,2017,40,C,221,260,1
thomptr01,CLE,2017,13,C,206,254,5
willide01,CLE,2017,31,PG,190,200,11
willide02,CLE,2017,"3, 32",PF,203,240,5
cabocbr01,TOR,2017,20,SF,206,218,2
carrode01,TOR,2017,5,SF,198,215,7
derozde01,TOR,2017,10,SG,198,220,7
ibakase01,TOR,2017,9,PF,211,235,7
josepco01,TOR,2017,6,PG,188,200,5
lowryky01,TOR,2017,7,PG,183,196,10
noguelu01,TOR,2017,92,C,213,241,2
pattepa01,TOR,2017,54,PF,203,235,6
poeltja01,TOR,2017,42,C,213,253,0
powelno01,TOR,2017,24,SG,190,215,1
rosste01,TOR,2017,31,SF,198,206,4
siakapa01,TOR,2017,43,PF,203,245,0
sullija01,TOR,2017,0,PF,206,260,4
tuckepj01,TOR,2017,2,SF,196,245,5
valanjo01,TOR,2017,17,C,211,265,4
vanvlfr01,TOR,2017,23,PG,183,197,0
wrighde01,TOR,2017,55,PG,193,185,1
bealbr01,WAS,2017,3,SG,193,207,4
bogdabo02,WAS,2017,44,SF,201,226,2
burketr01,WAS,2017,33,PG,183,185,3
gortama01,WAS,2017,13,C,211,240,9
houseda01,WAS,2017,4,SG,198,220,0
jennibr01,WAS,2017,7,PG,185,170,7
mcclesh01,WAS,2017,9,SG,198,200,0
mahinia01,WAS,2017,28,C,211,262,8
mcculch01,WAS,2017,1,PF,211,200,1
morrima02,WAS,2017,5,PF,206,245,5
nichoan01,WAS,2017,44,PF,206,250,4
ochefda01,WAS,2017,32,C,211,245,0
oubreke01,WAS,2017,12,SF,203,203,1
porteot01,WAS,2017,22,SF,203,198,3
satorto01,WAS,2017,31,SG,201,210,0
smithja02,WAS,2017,14,C,213,240,8
thornma01,WAS,2017,15,SG,193,205,7
walljo01,WAS,2017,2,PG,190,210,6
bazemke01,ATL,2017,24,SF,193,195,4
bembrde01,ATL,2017,95,SF,196,210,0
caldejo01,ATL,2017,13,PG,190,200,11
delanma01,ATL,2017,5,PG,190,190,0
dunlemi02,ATL,2017,34,SF,206,230,14
hardati02,ATL,2017,10,SG,196,205,3
howardw01,ATL,2017,8,C,208,265,12
humphkr01,ATL,2017,43,PF,206,235,12
ilyaser01,ATL,2017,7,PF,206,235,8
kellyry01,ATL,2017,30,PF,211,230,3
korveky01,ATL,2017,26,SG,201,212,13
millspa01,ATL,2017,4,PF,201,257,10
muscami01,ATL,2017,31,C,208,240,3
nealga01,ATL,2017,14,SG,193,210,6
pattela01,ATL,2017,13,SG,196,225,1
princta02,ATL,2017,12,SF,198,218,0
schrode01,ATL,2017,17,PG,185,175,3
scottmi01,ATL,2017,32,PF,201,237,4
sefolth01,ATL,2017,25,SF,198,215,10
tavarwa01,ATL,2017,22,C,221,260,1
antetgi01,MIL,2017,34,SF,211,243,3
beaslmi01,MIL,2017,9,PF,206,235,8
brogdma01,MIL,2017,13,SG,193,229,0
dellama01,MIL,2017,8,PG,190,200,3
hawessp01,MIL,2017,00,PF,216,245,9
hensojo01,MIL,2017,31,C,206,219,4
joneste01,MIL,2017,6,PF,206,252,4
makerth01,MIL,2017,7,C,213,221,0
middlkh01,MIL,2017,22,SF,201,222,4
monrogr01,MIL,2017,15,C,211,265,6
novakst01,MIL,2017,6,PF,208,225,10
parkeja01,MIL,2017,12,PF,201,245,2
paytoga02,MIL,2017,0,PG,188,195,0
plumlmi01,MIL,2017,18,C,211,249,4
snellto01,MIL,2017,21,SG,198,213,3
teletmi01,MIL,2017,35,PF,206,242,4
terryja01,MIL,2017,3,SG,188,185,17
toupaax01,MIL,2017,6,SF,201,210,1
vaughra01,MIL,2017,20,SG,198,210,1
allenla01,IND,2017,5,PF,206,260,5
brookaa01,IND,2017,00,PG,183,161,8
chrisra01,IND,2017,25,PF,206,250,1
ellismo01,IND,2017,11,SG,190,185,11
georgpa01,IND,2017,13,SF,203,220,6
jeffeal01,IND,2017,7,C,208,289,12
milescj01,IND,2017,0,SF,198,220,11
niangge01,IND,2017,32,PF,198,230,0
robingl02,IND,2017,40,SF,198,222,2
serapke01,IND,2017,1,PF,206,285,6
stephla01,IND,2017,6,SG,198,230,6
stuckro01,IND,2017,2,PG,196,210,9
teaguje01,IND,2017,44,PG,190,195,7
turnemy01,IND,2017,33,C,211,250,1
youngjo01,IND,2017,3,PG,188,185,1
youngth01,IND,2017,21,PF,203,225,9
butleji01,CHI,2017,21,SF,198,230,5
canaais01,CHI,2017,0,SG,183,200,3
cartemi01,CHI,2017,7,PG,198,205,3
feliccr01,CHI,2017,6,C,211,270,1
gibsota01,CHI,2017,22,PF,206,232,7
grantje02,CHI,2017,2,PG,193,205,1
hunterj01,CHI,2017,31,SG,196,185,1
lauvejo01,CHI,2017,77,C,211,260,2
lopezro01,CHI,2017,8,C,216,281,8
mcderdo01,CHI,2017,11,SF,201,225,2
mirotni01,CHI,2017,44,PF,208,250,2
morroan01,CHI,2017,11,SG,196,210,8
payneca01,CHI,2017,22,PG,188,183,1
portibo01,CHI,2017,5,PF,206,250,1
rondora01,CHI,2017,9,PG,185,180,10
valende01,CHI,2017,45,SG,193,220,0
wadedw01,CHI,2017,3,SG,193,220,13
zipsepa01,CHI,2017,16,SF,203,226,0
babbilu01,MIA,2017,5,SF,206,225,6
dragigo01,MIA,2017,7,PG,193,190,8
ellinwa01,MIA,2017,2,SG,193,207,7
hasleud01,MIA,2017,40,C,203,235,13
johnsja01,MIA,2017,16,PF,201,240,7
johnsty01,MIA,2017,8,PG,190,186,2
mcgruro01,MIA,2017,17,SG,193,205,0
mcrobjo01,MIA,2017,4,PF,208,240,9
reedwi02,MIA,2017,35,C,211,245,1
richajo01,MIA,2017,0,SG,196,200,1
waitedi01,MIA,2017,11,SG,190,215,4
whiteok01,MIA,2017,15,PF,203,205,0
whiteha01,MIA,2017,21,C,213,265,4
willide02,MIA,2017,22,PF,203,240,5
winslju01,MIA,2017,20,SF,198,222,1
baynear01,DET,2017,12,C,208,260,4
bullore01,DET,2017,25,SF,198,205,3
caldwke01,DET,2017,5,SG,196,204,3
drumman01,DET,2017,0,C,211,279,4
ellenhe01,DET,2017,8,PF,208,240,0
gbinimi01,DET,2017,9,SG,201,200,0
harrito02,DET,2017,34,PF,203,226,5
hillida01,DET,2017,6,SG,198,220,1
jacksre01,DET,2017,1,PG,188,208,5
johnsst04,DET,2017,7,SF,198,242,1
leuerjo01,DET,2017,30,PF,208,228,5
marjabo01,DET,2017,51,C,224,290,1
morrima03,DET,2017,13,SF,203,218,5
smithis01,DET,2017,14,PG,183,175,6
udrihbe01,DET,2017,19,PG,190,205,12
batumni01,CHO,2017,5,SG,201,230,8
belinma01,CHO,2017,21,SG,196,220,9
grahatr01,CHO,2017,12,SG,196,219,0
harriaa01,CHO,2017,9,SG,198,210,1
hawessp01,CHO,2017,00,PF,216,245,9
hibbero01,CHO,2017,55,C,218,270,8
kaminfr01,CHO,2017,44,C,213,240,1
kiddgmi01,CHO,2017,14,SF,198,230,4
lambje01,CHO,2017,3,SG,196,180,4
obryajo01,CHO,2017,8,PF,206,257,2
plumlmi01,CHO,2017,18,C,211,249,4
roberbr01,CHO,2017,22,PG,185,173,4
sessira01,CHO,2017,7,PG,190,190,9
tobeymi01,CHO,2017,10,C,213,260,0
walkeke02,CHO,2017,15,PG,183,184,5
weberbr01,CHO,2017,0,PG,188,170,1
willima02,CHO,2017,2,PF,203,237,11
woodch01,CHO,2017,35,PF,203,214,1
zelleco01,CHO,2017,40,C,211,240,3
anthoca01,NYK,2017,7,SF,201,238,13
bakerro01,NYK,2017,31,SG,193,220,0
hernawi01,NYK,2017,14,C,211,250,0
holidju01,NYK,2017,8,SG,198,180,3
jennibr01,NYK,2017,3,PG,185,170,7
kuzmimi01,NYK,2017,91,SF,206,215,0
leeco01,NYK,2017,5,SG,196,215,8
ndourma01,NYK,2017,2,PF,206,200,0
noahjo01,NYK,2017,13,C,211,230,9
oquinky01,NYK,2017,9,C,206,250,4
plumlma02,NYK,2017,40,C,213,250,0
porzikr01,NYK,2017,6,PF,218,240,1
randlch01,NYK,2017,4,PG,188,185,0
rosede01,NYK,2017,25,PG,190,200,7
thomala01,NYK,2017,42,PF,203,240,5
vujacsa01,NYK,2017,18,SG,201,195,9
augusdj01,ORL,2017,14,PG,180,183,8
biyombi01,ORL,2017,11,C,203,255,5
brownan02,ORL,2017,21,SF,201,224,1
fournev01,ORL,2017,10,SG,198,205,4
garinpa01,ORL,2017,29,SG,198,210,0
georgma01,ORL,2017,13,SG,196,226,0
gordoaa01,ORL,2017,00,SF,203,235,2
greenje02,ORL,2017,34,PF,203,235,8
hezonma01,ORL,2017,8,SF,203,220,1
ibakase01,ORL,2017,7,PF,211,235,7
meeksjo01,ORL,2017,20,SG,193,210,7
onuakar01,ORL,2017,21,C,206,255,2
paytoel01,ORL,2017,4,PG,190,195,2
rosste01,ORL,2017,31,SF,198,206,4
rudezda01,ORL,2017,3,SF,208,228,2
vucevni01,ORL,2017,9,C,206,260,5
watsocj01,ORL,2017,32,PG,188,175,9
wilcocj01,ORL,2017,23,SG,196,195,2
zimmest01,ORL,2017,33,C,213,240,0
anderju01,PHI,2017,23,SF,198,230,1
bayleje01,PHI,2017,0,PG,190,200,8
covinro01,PHI,2017,33,SF,201,209,3
embiijo01,PHI,2017,21,C,213,280,0
grantje01,PHI,2017,39,PF,201,213,2
harpeju01,PHI,2017,30,PF,208,225,2
hendege02,PHI,2017,12,SG,196,215,7
holmeri01,PHI,2017,22,C,206,235,1
ilyaser01,PHI,2017,7,PF,206,235,8
longsh01,PHI,2017,36,C,206,255,0
luwawti01,PHI,2017,20,SF,201,210,0
mccontj01,PHI,2017,1,PG,185,190,1
noelne01,PHI,2017,4,C,208,220,2
okafoja01,PHI,2017,8,C,208,270,1
poythal01,PHI,2017,5,PF,206,235,0
randlch01,PHI,2017,5,PG,188,185,0
rodrise01,PHI,2017,14,PG,190,176,4
saricda01,PHI,2017,9,PF,208,225,0
splitti01,PHI,2017,47,C,211,245,6
stausni01,PHI,2017,11,SG,198,205,2
thompho01,PHI,2017,31,SG,203,206,3
acyqu01,BRK,2017,13,PF,201,240,4
bennean01,BRK,2017,13,PF,203,245,3
bogdabo02,BRK,2017,44,SF,201,226,2
booketr01,BRK,2017,35,PF,203,228,6
dinwisp01,BRK,2017,8,PG,196,215,2
ferreyo01,BRK,2017,10,PG,183,178,0
foyera01,BRK,2017,2,SG,193,213,10
goodwar01,BRK,2017,10,SG,196,200,3
hamilju01,BRK,2017,41,C,213,260,2
harrijo01,BRK,2017,12,SG,198,220,2
holliro01,BRK,2017,24,SF,198,217,1
kilpase01,BRK,2017,6,SG,193,210,2
leverca01,BRK,2017,22,SF,201,205,0
linje01,BRK,2017,7,PG,190,200,6
lopezbr01,BRK,2017,11,C,216,282,8
mcculch01,BRK,2017,1,PF,211,200,1
mcdankj01,BRK,2017,14,SF,198,205,2
nichoan01,BRK,2017,44,PF,206,250,4
scolalu01,BRK,2017,4,PF,206,240,9
vasqugr01,BRK,2017,21,PG,198,217,6
whiteis01,BRK,2017,15,PG,193,213,0
barnema02,GSW,2017,22,SF,201,226,13
clarkia01,GSW,2017,21,SG,190,175,3
curryst01,GSW,2017,30,PG,188,185,7
duranke01,GSW,2017,35,PF,211,240,9
greendr01,GSW,2017,23,PF,198,230,4
iguodan01,GSW,2017,9,SF,198,215,12
jonesda03,GSW,2017,15,C,208,245,0
livinsh01,GSW,2017,34,PG,201,192,11
looneke01,GSW,2017,5,C,206,222,1
mcadoja01,GSW,2017,20,PF,206,230,2
mccawpa01,GSW,2017,0,SG,201,181,0
mcgeeja01,GSW,2017,1,C,213,270,8
pachuza01,GSW,2017,27,C,211,270,13
thompkl01,GSW,2017,11,SG,196,220,5
varejan01,GSW,2017,18,C,211,273,12
weberbr01,GSW,2017,2,PG,188,170,1
westda01,GSW,2017,3,C,206,250,13
aldrila01,SAS,2017,12,PF,211,250,10
anderky01,SAS,2017,1,SF,203,230,2
anthojo01,SAS,2017,30,C,206,245,9
bertada01,SAS,2017,42,PF,208,225,0
dedmode01,SAS,2017,3,C,208,245,3
forbebr01,SAS,2017,11,SG,188,205,0
gasolpa01,SAS,2017,16,C,213,250,15
ginobma01,SAS,2017,20,SG,198,205,14
greenda02,SAS,2017,14,SG,198,215,7
laproni01,SAS,2017,27,PG,193,180,0
leeda02,SAS,2017,10,PF,206,245,11
leonaka01,SAS,2017,2,SF,198,225,5
millspa02,SAS,2017,8,PG,188,180,7
murrade01,SAS,2017,5,PG,193,180,0
parketo01,SAS,2017,9,PG,188,185,15
simmojo02,SAS,2017,17,SG,198,195,1
anderry01,HOU,2017,3,PF,206,240,8
arizatr01,HOU,2017,1,SF,203,215,12
beverpa01,HOU,2017,2,SG,188,180,4
breweco01,HOU,2017,33,SF,206,186,9
brownbo02,HOU,2017,8,PG,188,175,2
capelca01,HOU,2017,15,C,208,256,2
dekkesa01,HOU,2017,7,PF,206,230,1
ennisty01,HOU,2017,6,PG,190,194,2
gordoer01,HOU,2017,10,SG,190,215,8
hardeja01,HOU,2017,13,PG,196,220,7
harremo01,HOU,2017,5,C,201,240,1
hilarne01,HOU,2017,42,C,211,250,14
mcdankj01,HOU,2017,32,SF,198,205,2
onuakch01,HOU,2017,21,C,208,245,0
taylois01,HOU,2017,17,PG,190,170,0
willilo02,HOU,2017,12,SG,188,175,11
willitr02,HOU,2017,14,SF,201,218,0
wiltjky01,HOU,2017,30,PF,208,240,0
anderal01,LAC,2017,9,SF,198,220,7
bassbr01,LAC,2017,30,PF,203,250,11
crawfja01,LAC,2017,11,SG,196,185,16
feltora01,LAC,2017,2,PG,185,205,11
griffbl01,LAC,2017,32,PF,206,250,6
johnsbr02,LAC,2017,10,PF,208,230,0
johnswe01,LAC,2017,33,SF,201,215,6
jordade01,LAC,2017,6,C,211,265,8
mbahalu01,LAC,2017,12,SF,203,230,8
paulch01,LAC,2017,3,PG,183,175,11
piercpa01,LAC,2017,34,SF,201,235,18
redicjj01,LAC,2017,4,SG,190,200,10
riverau01,LAC,2017,25,SG,193,200,4
speigma01,LAC,2017,5,C,208,255,8
stonedi01,LAC,2017,0,C,211,255,0
bolomjo01,UTA,2017,21,PF,206,235,0
burksal01,UTA,2017,10,SG,196,214,5
diawbo01,UTA,2017,33,PF,203,250,13
exumda01,UTA,2017,11,PG,196,214,1
favorde01,UTA,2017,15,PF,206,265,6
goberru01,UTA,2017,27,C,216,258,3
haywago01,UTA,2017,20,SF,201,225,6
hillge01,UTA,2017,3,PG,193,188,8
hoodro01,UTA,2017,5,SG,203,208,2
inglejo01,UTA,2017,2,SF,203,220,2
johnsjo02,UTA,2017,6,SF,201,240,15
lylestr01,UTA,2017,41,PF,206,234,1
macksh01,UTA,2017,8,PG,190,203,5
netora01,UTA,2017,25,PG,188,180,1
witheje01,UTA,2017,24,C,213,230,3
abrinal01,OKC,2017,8,SG,198,200,0
adamsst01,OKC,2017,12,C,211,265,3
chrisse01,OKC,2017,6,PG,190,190,0
coleno01,OKC,2017,30,PG,188,175,5
collini01,OKC,2017,4,PF,208,255,12
kanteen01,OKC,2017,11,C,208,250,5
gibsota01,OKC,2017,22,PF,206,232,7
grantje01,OKC,2017,9,PF,201,213,2
huestjo01,OKC,2017,34,PF,201,230,1
ilyaser01,OKC,2017,7,PF,206,235,8
lauvejo01,OKC,2017,77,PF,211,260,2
mcderdo01,OKC,2017,25,SF,201,225,2
morroan01,OKC,2017,2,SG,196,210,8
oladivi01,OKC,2017,5,SG,190,213,3
payneca01,OKC,2017,22,PG,188,183,1
roberan03,OKC,2017,21,SF,201,210,3
sabondo01,OKC,2017,3,PF,208,240,0
singlky01,OKC,2017,15,SF,203,228,4
westbru01,OKC,2017,0,PG,193,200,8
allento01,MEM,2017,9,SG,193,213,12
baldwwa01,MEM,2017,4,PG,193,200,0
cartevi01,MEM,2017,15,SF,198,220,18
conlemi01,MEM,2017,11,PG,185,175,9
danietr01,MEM,2017,30,SG,193,200,3
davisde01,MEM,2017,23,C,206,237,0
douglto01,MEM,2017,16,PG,188,195,7
ennisja01,MEM,2017,8,SF,198,215,2
gasolma01,MEM,2017,33,C,211,255,8
greenja01,MEM,2017,0,PF,206,227,2
harrian01,MEM,2017,5,PG,198,213,0
martija01,MEM,2017,1,PF,208,239,1
parsoch01,MEM,2017,25,SF,206,230,5
randoza01,MEM,2017,50,PF,206,250,15
seldewa01,MEM,2017,7,SG,193,232,0
willitr02,MEM,2017,10,SF,201,218,0
wrighbr03,MEM,2017,34,PF,208,235,8
aminual01,POR,2017,8,PF,206,220,6
connapa01,POR,2017,5,SG,196,209,1
crabbal01,POR,2017,23,SG,196,212,3
davised01,POR,2017,17,PF,206,218,6
harklma01,POR,2017,4,SF,201,220,4
laymaja01,POR,2017,10,SF,203,209,0
leoname01,POR,2017,11,PF,213,260,4
lillada01,POR,2017,0,PG,188,200,4
mccolcj01,POR,2017,3,SG,190,190,3
napiesh01,POR,2017,6,PG,183,175,2
nurkiju01,POR,2017,27,C,211,290,2
plumlma01,POR,2017,24,C,213,254,3
quartti01,POR,2017,55,SG,198,190,0
turneev01,POR,2017,1,SF,198,220,6
vonleno01,POR,2017,21,PF,208,257,2
arthuda01,DEN,2017,00,PF,206,235,7
bartowi01,DEN,2017,5,SG,196,181,4
beaslma01,DEN,2017,25,SG,193,187,0
chandwi01,DEN,2017,21,SF,203,235,8
farieke01,DEN,2017,35,PF,203,220,5
gallida01,DEN,2017,8,SF,208,236,7
geeal01,DEN,2017,7,SF,198,225,7
harriga01,DEN,2017,14,SG,193,210,2
hernaju01,DEN,2017,41,PF,206,214,0
hibbero01,DEN,2017,34,C,218,270,8
jokicni01,DEN,2017,15,C,211,284,1
millemi01,DEN,2017,3,SF,203,218,16
mudiaem01,DEN,2017,0,PG,190,200,1
murraja01,DEN,2017,27,SG,193,215,0
nelsoja01,DEN,2017,1,PG,183,190,12
nurkiju01,DEN,2017,23,C,211,290,2
obryajo01,DEN,2017,9,PF,206,257,2
plumlma01,DEN,2017,24,C,213,254,3
stokeja01,DEN,2017,12,C,206,255,2
ajincal01,NOP,2017,42,C,218,248,6
asikom01,NOP,2017,3,C,213,255,6
brownan02,NOP,2017,21,SF,201,224,1
casspom01,NOP,2017,18,PF,206,225,7
cookqu01,NOP,2017,22,PG,185,180,0
couside01,NOP,2017,0,C,208,270,6
crawfjo02,NOP,2017,4,SG,193,195,4
cunnida01,NOP,2017,33,PF,203,230,7
davisan02,NOP,2017,23,C,208,253,4
diallch01,NOP,2017,13,PF,203,219,0
evansty01,NOP,2017,1,SF,198,220,7
fraziti01,NOP,2017,2,PG,185,170,2
gallola01,NOP,2017,10,PG,185,200,2
goodwar01,NOP,2017,8,SG,196,200,3
hieldbu01,NOP,2017,24,SG,193,220,0
hillso01,NOP,2017,44,SF,198,226,3
holidjr01,NOP,2017,11,PG,193,220,7
jackja01,NOP,2017,1,PG,190,200,11
joneste01,NOP,2017,9,PF,206,252,4
mooreet01,NOP,2017,55,SG,190,191,5
motiedo01,NOP,2017,12,PF,213,255,4
seldewa01,NOP,2017,25,SG,193,232,0
stephla01,NOP,2017,5,SG,198,230,6
thompho01,NOP,2017,32,SG,203,206,3
toupaax01,NOP,2017,10,SF,201,210,1
willire02,NOP,2017,5,SF,198,205,6
acyqu01,DAL,2017,4,PF,201,240,4
anderju01,DAL,2017,1,SF,198,230,1
bareajo01,DAL,2017,5,PG,178,180,10
barneha02,DAL,2017,40,PF,201,225,4
bentibe01,DAL,2017,42,PF,206,235,0
bogutan01,DAL,2017,6,C,213,260,11
brussni01,DAL,2017,9,SG,203,195,0
cookqu01,DAL,2017,2,PG,185,180,0
curryse01,DAL,2017,30,PG,185,185,3
ferreyo01,DAL,2017,11,PG,183,178,0
finnedo01,DAL,2017,10,PF,201,220,0
gibsojo01,DAL,2017,3,PG,188,185,0
hammoaj01,DAL,2017,20,C,213,260,0
harride01,DAL,2017,34,PG,190,185,12
harrima01,DAL,2017,6,SG,196,185,3
jackspi01,DAL,2017,55,PG,178,180,0
liggide01,DAL,2017,14,SG,198,209,3
matthwe02,DAL,2017,23,SG,196,220,7
mejrisa01,DAL,2017,50,C,218,235,1
noelne01,DAL,2017,3,C,208,220,2
nowitdi01,DAL,2017,41,PF,213,245,18
poweldw01,DAL,2017,7,C,208,240,2
uthofja01,DAL,2017,19,PF,206,220,0
willide01,DAL,2017,8,PG,190,200,11
afflaar01,SAC,2017,40,SG,196,210,9
barnema02,SAC,2017,22,SF,201,226,13
casspom01,SAC,2017,18,PF,206,225,7
caulewi01,SAC,2017,00,C,213,240,1
collida01,SAC,2017,7,PG,183,175,7
couside01,SAC,2017,15,C,208,270,6
evansty01,SAC,2017,32,SF,198,220,7
farmajo01,SAC,2017,20,PG,188,180,9
gallola01,SAC,2017,9,PG,185,200,2
gayru01,SAC,2017,8,SF,203,250,10
hieldbu01,SAC,2017,24,SG,193,220,0
koufoko01,SAC,2017,41,C,213,245,8
labissk01,SAC,2017,3,PF,208,235,0
lawsoty01,SAC,2017,10,PG,180,195,7
mclembe01,SAC,2017,23,SG,190,195,3
papagge01,SAC,2017,13,C,216,240,0
richama01,SAC,2017,5,SG,198,205,0
templga01,SAC,2017,17,SG,196,195,6
tollian01,SAC,2017,43,PF,203,240,8
aldrico01,MIN,2017,45,C,211,253,6
bjeline01,MIN,2017,88,PF,208,234,1
casspom01,MIN,2017,18,PF,206,225,7
dienggo01,MIN,2017,5,PF,208,252,3
dunnkr01,MIN,2017,3,PG,190,205,0
hilljo01,MIN,2017,27,C,208,235,7
jonesty01,MIN,2017,1,PG,183,196,1
lavinza01,MIN,2017,8,SG,196,200,2
lucasjo02,MIN,2017,11,PG,180,166,7
muhamsh01,MIN,2017,15,SF,196,225,3
paynead01,MIN,2017,33,PF,208,237,2
rubiori01,MIN,2017,9,PG,188,190,5
rushbr01,MIN,2017,4,SG,198,220,8
stephla01,MIN,2017,7,SG,198,230,6
townska01,MIN,2017,32,C,213,248,1
wiggian01,MIN,2017,22,SF,198,197,2
blackta01,LAL,2017,28,C,206,250,2
breweco01,LAL,2017,3,SF,206,186,9
caldejo01,LAL,2017,5,PG,190,200,11
clarkjo01,LAL,2017,6,SG,196,194,2
denglu01,LAL,2017,9,SF,206,237,12
ennisty01,LAL,2017,11,PG,190,194,2
huertma01,LAL,2017,4,PG,190,200,1
ingrabr01,LAL,2017,14,SF,203,190,0
mozgoti01,LAL,2017,20,C,216,275,6
nancela02,LAL,2017,7,PF,198,245,1
nwabada01,LAL,2017,10,SG,196,219,0
randlju01,LAL,2017,30,PF,206,250,2
robinth01,LAL,2017,15,PF,208,237,4
russeda01,LAL,2017,1,PG,190,193,1
willilo02,LAL,2017,23,SG,188,175,11
artesro01,LAL,2017,37,SF,201,260,16
youngni01,LAL,2017,0,SG,201,210,9
zubaciv01,LAL,2017,40,C,213,240,0
barbole01,PHO,2017,19,SG,190,194,13
bendedr01,PHO,2017,35,PF,213,249,0
bledser01,PHO,2017,2,PG,185,214,6
bookede01,PHO,2017,1,SG,196,206,1
chandty01,PHO,2017,4,C,213,235,15
chrisma01,PHO,2017,0,PF,206,240,0
dudleja01,PHO,2017,3,PF,198,237,9
eddieja01,PHO,2017,31,SF,201,218,1
jenkijo01,PHO,2017,23,SG,193,215,4
jonesde02,PHO,2017,10,SF,198,210,0
knighbr03,PHO,2017,11,SG,188,182,5
lenal01,PHO,2017,21,C,213,250,3
millsel01,PHO,2017,22,SG,198,225,2
pricero01,PHO,2017,14,PG,188,190,11
tuckepj01,PHO,2017,17,SF,196,245,5
ulisty01,PHO,2017,8,PG,178,160,0
warretj01,PHO,2017,12,SF,203,220,2
willial03,PHO,2017,15,C,203,265,1
anunoog01,TOR,2018,3,SF,201,240,0
brownlo01,TOR,2018,4,PG,196,189,3
cabocbr01,TOR,2018,5,SF,206,218,3
derozde01,TOR,2018,10,SG,198,220,8
hayesni01,TOR,2018,2,SF,201,254,0
ibakase01,TOR,2018,9,PF,211,235,8
lowryky01,TOR,2018,7,PG,183,196,11
mckinal01,TOR,2018,34,SF,201,215,0
milescj01,TOR,2018,0,SF,198,220,12
millema01,TOR,2018,13,SF,201,210,0
noguelu01,TOR,2018,92,C,213,241,3
poeltja01,TOR,2018,42,C,213,253,1
powelno01,TOR,2018,24,SG,190,215,2
richama01,TOR,2018,22,SG,198,205,1
siakapa01,TOR,2018,43,PF,203,245,1
valanjo01,TOR,2018,17,C,211,265,5
vanvlfr01,TOR,2018,23,PG,183,197,1
wrighde01,TOR,2018,55,PG,193,185,2
allenka01,BOS,2018,45,PG,185,200,0
baynear01,BOS,2018,46,C,208,260,5
birdja01,BOS,2018,26,SG,198,198,0
brownja02,BOS,2018,7,SG,198,223,1
eddieja01,BOS,2018,9,SF,201,218,2
gibsojo01,BOS,2018,60,PG,188,185,1
haywago01,BOS,2018,20,SF,201,225,7
horfoal01,BOS,2018,42,C,203,240,10
irvinky01,BOS,2018,11,PG,188,195,6
larkish01,BOS,2018,8,PG,180,175,3
monrogr01,BOS,2018,55,C,211,265,7
morrima03,BOS,2018,13,PF,203,218,6
naderab01,BOS,2018,28,SF,196,225,0
ojelese01,BOS,2018,37,PF,198,240,0
roziete01,BOS,2018,12,PG,185,190,2
silasxa01,BOS,2018,9,SG,196,205,1
smartma01,BOS,2018,36,SG,190,220,3
tatumja01,BOS,2018,0,SF,203,210,0
theisda01,BOS,2018,27,C,203,245,0
yabusgu01,BOS,2018,30,PF,201,265,0
anderju01,PHI,2018,1,SF,198,230,2
bayleje01,PHI,2018,0,SG,190,200,9
belinma01,PHI,2018,18,SG,196,220,10
booketr01,PHI,2018,35,PF,203,228,7
covinro01,PHI,2018,33,SF,201,209,4
drewla02,PHI,2018,27,PG,188,180,1
embiijo01,PHI,2018,21,C,213,280,1
fultzma01,PHI,2018,20,SG,193,209,0
holmeri01,PHI,2018,22,C,206,235,2
ilyaser01,PHI,2018,23,PF,206,235,9
jacksde01,PHI,2018,11,PG,185,201,1
johnsam01,PHI,2018,5,C,206,240,12
korkmfu01,PHI,2018,30,SG,201,202,0
luwawti01,PHI,2018,7,SF,201,210,1
mcadoja01,PHI,2018,14,PF,206,230,3
mccontj01,PHI,2018,12,PG,185,190,2
okafoja01,PHI,2018,8,C,208,270,2
pulleja01,PHI,2018,00,PG,185,200,0
redicjj01,PHI,2018,17,SG,190,200,11
saricda01,PHI,2018,9,PF,208,225,1
simmobe01,PHI,2018,25,PG,208,240,0
stausni01,PHI,2018,11,SG,198,205,3
youngja01,PHI,2018,8,SG,198,215,3
caldejo01,CLE,2018,81,PG,190,200,12
clarkjo01,CLE,2018,8,SG,196,194,3
crowdja01,CLE,2018,99,SF,198,235,5
fryech01,CLE,2018,8,C,213,255,11
greenje02,CLE,2018,32,PF,203,235,9
hillge01,CLE,2018,3,PG,193,188,9
hollajo02,CLE,2018,10,SF,196,205,1
hoodro01,CLE,2018,1,SG,203,208,3
jamesle01,CLE,2018,23,PF,206,250,14
korveky01,CLE,2018,26,SG,201,212,14
loveke01,CLE,2018,0,C,208,251,9
nancela02,CLE,2018,"22, 24",C,198,245,2
osmande01,CLE,2018,16,SF,201,230,0
perkike01,CLE,2018,21,C,208,270,13
perralo01,CLE,2018,15,PG,188,200,0
rosede01,CLE,2018,1,PG,190,200,8
shumpim01,CLE,2018,4,SG,196,212,6
smithjr01,CLE,2018,5,SG,198,225,13
thomais02,CLE,2018,3,PG,175,185,6
thomptr01,CLE,2018,13,C,206,254,6
wadedw01,CLE,2018,9,SG,193,220,14
zizican01,CLE,2018,41,C,208,266,0
anigbik01,IND,2018,13,C,206,252,0
bogdabo02,IND,2018,44,SF,201,226,3
booketr01,IND,2018,20,PF,203,228,7
collida01,IND,2018,2,PG,183,175,8
jeffeal01,IND,2018,25,C,208,289,13
josepco01,IND,2018,6,PG,188,200,6
leaftj01,IND,2018,22,PF,208,222,0
mckintr01,IND,2018,10,SG,196,220,0
moorebe01,IND,2018,26,PF,203,220,0
oladivi01,IND,2018,4,SG,190,213,4
poythal01,IND,2018,0,PF,206,235,1
robingl02,IND,2018,40,SF,198,222,3
sabondo01,IND,2018,11,C,208,240,1
stephla01,IND,2018,1,SG,198,230,7
sumneed01,IND,2018,5,PG,193,190,0
turnemy01,IND,2018,33,C,211,250,2
wilkida02,IND,2018,12,SF,198,225,9
youngjo01,IND,2018,3,PG,188,185,2
youngth01,IND,2018,21,PF,203,225,10
adebaba01,MIA,2018,13,C,206,255,0
babbilu01,MIA,2018,22,SF,206,225,7
dragigo01,MIA,2018,7,PG,193,190,9
ellinwa01,MIA,2018,2,SG,193,207,8
hasleud01,MIA,2018,40,C,203,235,14
johnsja01,MIA,2018,16,PF,201,240,8
johnsty01,MIA,2018,8,PG,190,186,3
jonesde02,MIA,2018,5,SF,198,210,1
mcgruro01,MIA,2018,17,SG,193,205,1
mickejo01,MIA,2018,25,PF,203,235,2
olynyke01,MIA,2018,9,PF,213,240,4
richajo01,MIA,2018,0,SF,196,200,2
wadedw01,MIA,2018,3,SG,193,220,14
waitedi01,MIA,2018,11,SG,190,215,5
waltode01,MIA,2018,14,PG,183,189,0
whiteok01,MIA,2018,15,PF,203,205,1
whiteha01,MIA,2018,21,C,213,265,5
willima05,MIA,2018,12,SG,196,210,0
winslju01,MIA,2018,20,PF,198,222,2
antetgi01,MIL,2018,34,PF,211,243,4
bledser01,MIL,2018,6,PG,185,214,7
bolomjo01,MIL,2018,24,PF,206,235,1
brogdma01,MIL,2018,13,PG,193,229,1
brownst02,MIL,2018,23,SG,196,219,0
dellama01,MIL,2018,8,PG,190,200,4
hensojo01,MIL,2018,31,C,206,219,5
jennibr01,MIL,2018,11,PG,185,170,8
kilpase01,MIL,2018,9,SG,193,210,3
liggide01,MIL,2018,25,SG,198,209,4
makerth01,MIL,2018,7,C,213,221,1
middlkh01,MIL,2018,22,SF,201,222,5
monrogr01,MIL,2018,15,C,211,265,7
muhamsh01,MIL,2018,15,SG,196,225,4
munfoxa02,MIL,2018,0,SG,193,173,1
parkeja01,MIL,2018,12,PF,201,245,3
paytoga02,MIL,2018,0,PG,188,195,1
plumlma02,MIL,2018,40,C,213,250,1
snellto01,MIL,2018,21,SG,198,213,4
teletmi01,MIL,2018,35,PF,206,242,5
terryja01,MIL,2018,3,SG,188,185,18
vaughra01,MIL,2018,20,SG,198,210,2
wilsodj01,MIL,2018,5,PF,208,231,0
zellety01,MIL,2018,44,C,213,253,5
bealbr01,WAS,2018,3,SG,193,207,5
fraziti01,WAS,2018,8,PG,185,170,3
gortama01,WAS,2018,13,C,211,240,10
lawsoty01,WAS,2018,4,PG,180,195,8
mahinia01,WAS,2018,28,C,211,262,9
mcculch01,WAS,2018,1,PF,211,200,2
meeksjo01,WAS,2018,20,SG,193,210,8
morrima02,WAS,2018,5,PF,206,245,6
oubreke01,WAS,2018,12,SF,203,203,2
porteot01,WAS,2018,22,SF,203,198,4
robinde01,WAS,2018,7,SF,203,200,0
satorto01,WAS,2018,31,SG,201,210,1
scottmi01,WAS,2018,30,PF,201,237,5
sessira01,WAS,2018,9,PG,190,190,10
smithja02,WAS,2018,14,C,213,240,9
walljo01,WAS,2018,2,PG,190,210,7
bradlav01,DET,2018,22,SG,190,180,7
bullore01,DET,2018,25,SF,198,205,4
buyckdw01,DET,2018,20,PG,190,190,2
drumman01,DET,2018,0,C,211,279,5
ellenhe01,DET,2018,8,PF,208,240,1
ennisja01,DET,2018,33,SF,198,215,3
feldeka01,DET,2018,22,PG,175,176,1
gallola01,DET,2018,9,SG,185,200,3
griffbl01,DET,2018,23,PF,206,250,7
harrito02,DET,2018,34,PF,203,226,6
hearnre01,DET,2018,38,SG,196,210,0
jacksre01,DET,2018,1,PG,188,208,6
johnsst04,DET,2018,7,SF,198,242,2
kennalu01,DET,2018,5,SG,196,206,0
leuerjo01,DET,2018,30,PF,208,228,6
marjabo01,DET,2018,51,C,224,290,2
montelu01,DET,2018,44,SG,201,200,1
moreler01,DET,2018,24,PF,208,238,2
nelsoja01,DET,2018,41,PG,183,190,13
reedwi02,DET,2018,33,C,211,245,2
smithis01,DET,2018,14,PG,183,175,7
tollian01,DET,2018,43,PF,203,240,9
bacondw01,CHO,2018,7,SG,198,221,0
batumni01,CHO,2018,5,SG,201,230,9
cartemi01,CHO,2018,10,PG,198,205,4
grahatr01,CHO,2018,21,SG,196,219,1
hernawi01,CHO,2018,41,C,211,250,1
howardw01,CHO,2018,12,C,208,265,13
kaminfr01,CHO,2018,44,PF,213,240,2
kiddgmi01,CHO,2018,14,SF,198,230,5
lambje01,CHO,2018,3,SG,196,180,5
mathima01,CHO,2018,9,C,208,230,0
monkma01,CHO,2018,1,SG,190,200,0
obryajo01,CHO,2018,8,PF,206,257,3
paigema01,CHO,2018,4,PG,183,164,0
stoneju01,CHO,2018,32,SG,198,200,3
walkeke02,CHO,2018,15,PG,183,184,6
willima02,CHO,2018,2,PF,203,237,12
zelleco01,CHO,2018,40,C,211,240,4
bakerro01,NYK,2018,31,SG,193,220,1
beaslmi01,NYK,2018,8,PF,206,235,9
burketr01,NYK,2018,23,PG,183,185,4
dotsoda01,NYK,2018,21,SG,196,210,0
kanteen01,NYK,2018,00,C,208,250,6
hardati02,NYK,2018,3,SG,196,205,4
hernawi01,NYK,2018,14,C,211,250,1
hicksis01,NYK,2018,4,PF,206,230,0
jackja01,NYK,2018,55,PG,190,200,12
kornelu01,NYK,2018,2,C,216,250,0
kuzmimi01,NYK,2018,91,SF,206,215,1
leeco01,NYK,2018,5,SG,196,215,9
mcderdo01,NYK,2018,20,SF,201,225,3
mudiaem01,NYK,2018,1,PG,190,200,2
noahjo01,NYK,2018,13,C,211,230,10
ntilila01,NYK,2018,11,PG,193,200,0
oquinky01,NYK,2018,9,C,206,250,5
porzikr01,NYK,2018,6,PF,218,240,2
sessira01,NYK,2018,1,PG,190,190,10
thomala01,NYK,2018,42,PF,203,240,6
willitr02,NYK,2018,0,SF,201,218,1
acyqu01,BRK,2018,13,PF,201,240,5
allenja01,BRK,2018,31,C,206,243,0
booketr01,BRK,2018,35,PF,203,228,7
carrode01,BRK,2018,9,PF,198,215,8
crabbal01,BRK,2018,33,SG,196,212,4
cunnida01,BRK,2018,44,SF,203,230,8
dinwisp01,BRK,2018,8,PG,196,215,3
doylemi01,BRK,2018,14,SG,193,180,0
harrijo01,BRK,2018,12,SG,198,220,3
holliro01,BRK,2018,24,SF,198,217,2
kilpase01,BRK,2018,6,SG,193,210,3
leverca01,BRK,2018,22,SF,201,205,1
linje01,BRK,2018,7,PG,190,200,7
mozgoti01,BRK,2018,20,C,216,275,7
okafoja01,BRK,2018,4,C,208,270,2
russeda01,BRK,2018,1,PG,190,193,2
stausni01,BRK,2018,2,SG,198,205,3
vaughra01,BRK,2018,17,SG,198,210,2
webbja01,BRK,2018,0,SF,206,202,0
whiteis01,BRK,2018,15,PG,193,213,1
wileyja01,BRK,2018,21,PF,203,223,0
zellety01,BRK,2018,44,C,213,253,5
arcidry01,CHI,2018,15,PG,190,195,0
asikom01,CHI,2018,3,C,213,255,7
blakean01,CHI,2018,9,SG,193,192,0
dunnkr01,CHI,2018,32,PG,190,205,1
eddieja01,CHI,2018,31,SF,201,218,2
feldeka01,CHI,2018,3,PG,175,176,1
feliccr01,CHI,2018,6,C,211,270,2
grantje02,CHI,2018,2,PG,193,205,2
holidju01,CHI,2018,7,SG,198,180,4
kilpase01,CHI,2018,0,SG,193,210,3
lavinza01,CHI,2018,8,SG,196,200,3
lopezro01,CHI,2018,42,C,216,281,9
markkla01,CHI,2018,24,PF,216,240,0
mirotni01,CHI,2018,44,PF,208,250,3
nwabada01,CHI,2018,11,SG,196,219,1
payneca01,CHI,2018,22,PG,188,183,2
pondequ01,CHI,2018,20,SF,201,230,5
portibo01,CHI,2018,5,PF,206,250,2
valende01,CHI,2018,45,SG,193,220,1
vonleno01,CHI,2018,30,PF,208,257,3
zipsepa01,CHI,2018,16,SF,203,226,1
afflaar01,ORL,2018,4,SG,196,210,10
artisja01,ORL,2018,0,SG,201,213,0
augusdj01,ORL,2018,14,PG,180,183,9
birchkh01,ORL,2018,24,C,203,233,0
biyombi01,ORL,2018,11,C,203,255,6
fournev01,ORL,2018,10,SF,198,205,5
gordoaa01,ORL,2018,00,PF,203,235,3
hezonma01,ORL,2018,8,SF,203,220,2
isaacjo01,ORL,2018,1,PF,208,230,0
iwundwe01,ORL,2018,25,SF,198,195,0
macksh01,ORL,2018,7,PG,190,203,6
paynead01,ORL,2018,33,PF,208,237,3
paytoel01,ORL,2018,2,PG,190,195,3
purviro01,ORL,2018,15,SG,193,205,0
rosste01,ORL,2018,31,SG,198,206,5
simmojo02,ORL,2018,17,SG,198,195,2
speigma01,ORL,2018,5,C,208,255,9
vaughra01,ORL,2018,20,SG,198,210,2
vucevni01,ORL,2018,9,C,206,260,6
babbilu01,ATL,2018,8,SF,206,225,7
bazemke01,ATL,2018,24,SG,193,195,5
belinma01,ATL,2018,3,SG,196,220,10
bembrde01,ATL,2018,95,SF,196,210,1
brussni01,ATL,2018,16,SF,203,195,1
cavanty01,ATL,2018,34,PF,206,238,0
clevean01,ATL,2018,0,SG,196,195,0
collijo01,ATL,2018,20,PF,206,226,0
dedmode01,ATL,2018,14,C,208,245,4
delanma01,ATL,2018,5,PG,190,190,1
dorsety01,ATL,2018,2,SG,193,180,0
evansje01,ATL,2018,6,SF,206,200,6
ilyaser01,ATL,2018,7,PF,206,235,9
leeda03,ATL,2018,8,SG,198,210,0
magetjo01,ATL,2018,11,PG,185,160,0
morrija01,ATL,2018,3,SG,196,185,0
muscami01,ATL,2018,31,C,208,240,4
plumlmi01,ATL,2018,18,C,211,249,5
princta02,ATL,2018,12,SF,198,218,1
schrode01,ATL,2018,17,PG,185,175,4
taylois01,ATL,2018,22,PG,190,170,1
whitean01,ATL,2018,4,SF,201,210,0
anderry01,HOU,2018,33,PF,206,240,9
arizatr01,HOU,2018,1,SF,203,215,13
blackta01,HOU,2018,28,C,206,250,3
brownbo02,HOU,2018,6,PG,188,175,3
brownma02,HOU,2018,26,SG,190,190,2
canaais01,HOU,2018,7,SG,183,200,4
capelca01,HOU,2018,15,C,208,256,3
gordoer01,HOU,2018,10,SG,190,215,9
greenge01,HOU,2018,14,SG,198,205,10
hardeja01,HOU,2018,13,SG,196,220,8
hilarne01,HOU,2018,42,C,211,250,15
hunterj01,HOU,2018,2,SG,196,185,2
jacksaa01,HOU,2018,5,PG,190,183,0
jacksde01,HOU,2018,2,PG,185,201,1
johnsjo02,HOU,2018,7,SF,201,240,16
mbahalu01,HOU,2018,12,PF,203,230,9
onuakch01,HOU,2018,21,C,208,245,1
paulch01,HOU,2018,3,PG,183,175,12
qizh01,HOU,2018,9,C,216,210,0
quartti01,HOU,2018,55,SG,198,190,1
tuckepj01,HOU,2018,4,PF,196,245,6
weberbr01,HOU,2018,0,PG,188,170,2
willitr02,HOU,2018,5,SF,201,218,1
wrighbr03,HOU,2018,32,PF,208,235,9
belljo01,GSW,2018,2,C,203,216,0
bouchch01,GSW,2018,25,PF,203,200,0
casspom01,GSW,2018,18,SF,206,225,8
cookqu01,GSW,2018,4,PG,185,180,1
curryst01,GSW,2018,30,PG,188,185,8
duranke01,GSW,2018,35,SF,211,240,10
greendr01,GSW,2018,23,PF,198,230,5
iguodan01,GSW,2018,9,SF,198,215,13
jonesda03,GSW,2018,15,C,208,245,1
livinsh01,GSW,2018,34,PG,201,192,12
looneke01,GSW,2018,5,C,206,222,2
mccawpa01,GSW,2018,0,SG,201,181,1
mcgeeja01,GSW,2018,1,C,213,270,9
pachuza01,GSW,2018,27,C,211,270,14
thompkl01,GSW,2018,11,SG,196,220,6
westda01,GSW,2018,3,C,206,250,14
youngni01,GSW,2018,6,SG,201,210,10
aminual01,POR,2018,8,PF,206,220,7
baldwwa01,POR,2018,2,PG,193,200,1
colliza01,POR,2018,33,C,206,250,0
connapa01,POR,2018,5,SG,196,209,2
davised01,POR,2018,17,C,206,218,7
harklma01,POR,2018,4,SF,201,220,5
laymaja01,POR,2018,10,SF,203,209,1
leoname01,POR,2018,11,C,213,260,5
lillada01,POR,2018,0,PG,188,200,5
mccolcj01,POR,2018,3,SG,190,190,4
napiesh01,POR,2018,6,PG,183,175,3
nurkiju01,POR,2018,27,C,211,290,3
papagge01,POR,2018,19,C,216,240,1
swanica01,POR,2018,50,PF,206,260,0
turneev01,POR,2018,1,SF,198,220,7
vonleno01,POR,2018,21,PF,208,257,3
abrinal01,OKC,2018,8,SG,198,200,1
adamsst01,OKC,2018,12,C,211,265,4
anthoca01,OKC,2018,7,PF,201,238,14
breweco01,OKC,2018,3,SG,206,186,10
collini01,OKC,2018,4,PF,208,255,13
doziepj01,OKC,2018,35,PG,198,212,0
feltora01,OKC,2018,2,PG,185,205,12
fergute01,OKC,2018,23,SG,198,190,0
georgpa01,OKC,2018,13,SF,203,220,7
grantje01,OKC,2018,9,PF,201,213,3
hamilda02,OKC,2018,25,SG,201,195,0
huestjo01,OKC,2018,34,PF,201,230,2
johnsda04,OKC,2018,44,C,213,255,0
pattepa01,OKC,2018,54,PF,203,235,7
roberan03,OKC,2018,21,SG,201,210,4
singlky01,OKC,2018,15,SF,203,228,5
westbru01,OKC,2018,0,PG,193,200,9
bradlto01,UTA,2018,13,C,208,248,0
burksal01,UTA,2018,10,SG,196,214,6
crowdja01,UTA,2018,99,SF,198,235,5
exumda01,UTA,2018,11,PG,196,214,2
favorde01,UTA,2018,15,C,206,265,7
goberru01,UTA,2018,27,C,216,258,4
hoodro01,UTA,2018,5,SG,203,208,3
inglejo01,UTA,2018,2,SF,203,220,3
jerebjo01,UTA,2018,8,PF,208,231,7
johnsjo02,UTA,2018,6,SF,201,240,16
mccreer01,UTA,2018,21,SF,203,225,0
mitchdo01,UTA,2018,45,SG,188,215,0
mitrona01,UTA,2018,30,SG,190,218,0
netora01,UTA,2018,25,PG,188,180,2
niangge01,UTA,2018,31,PF,198,230,1
onealro01,UTA,2018,23,SF,198,226,0
rubiori01,UTA,2018,3,PG,188,190,6
sefolth01,UTA,2018,22,SF,198,215,11
stockda01,UTA,2018,5,PG,180,165,1
udohek01,UTA,2018,33,C,208,245,5
woltena01,UTA,2018,16,PG,193,190,2
allento01,NOP,2018,24,SF,193,213,13
asikom01,NOP,2018,3,C,213,255,7
clarkia01,NOP,2018,2,SG,190,175,4
cookech01,NOP,2018,4,SG,196,196,0
couside01,NOP,2018,0,C,208,270,7
crawfjo02,NOP,2018,27,SG,193,195,5
cunnida01,NOP,2018,33,SF,203,230,8
davisan02,NOP,2018,23,PF,208,253,5
diallch01,NOP,2018,13,PF,203,219,1
drewla02,NOP,2018,1,PG,188,180,1
hillso01,NOP,2018,44,SF,198,226,4
holidjr01,NOP,2018,11,SG,193,220,8
jamesmi02,NOP,2018,5,PG,185,175,0
jonesja04,NOP,2018,12,SF,201,220,0
lemonwa01,NOP,2018,25,PG,190,180,0
liggide01,NOP,2018,34,SG,198,209,4
milleda01,NOP,2018,21,SF,198,225,3
mirotni01,NOP,2018,3,PF,208,250,3
mooreet01,NOP,2018,55,SG,190,191,6
nelsoja01,NOP,2018,14,PG,183,190,13
okafoem01,NOP,2018,50,C,208,252,9
rondora01,NOP,2018,9,PG,185,180,11
smithjo03,NOP,2018,5,PF,206,225,12
aldrila01,SAS,2018,12,C,211,250,11
anderky01,SAS,2018,1,SF,203,230,3
bertada01,SAS,2018,42,PF,208,225,1
costema01,SAS,2018,10,C,208,240,0
forbebr01,SAS,2018,11,SG,188,205,1
gasolpa01,SAS,2018,16,C,213,250,16
gayru01,SAS,2018,22,PF,203,250,11
ginobma01,SAS,2018,20,SG,198,205,15
greenda02,SAS,2018,14,SG,198,215,8
hillida01,SAS,2018,24,SG,198,220,2
lauvejo01,SAS,2018,77,C,211,260,3
leonaka01,SAS,2018,2,SF,198,225,6
millspa02,SAS,2018,8,PG,188,180,8
murrade01,SAS,2018,5,PG,193,180,1
parketo01,SAS,2018,9,PG,188,185,16
paulbr01,SAS,2018,3,SG,193,200,0
whitede01,SAS,2018,4,PG,193,190,0
aldrico01,MIN,2018,45,C,211,253,7
bjeline01,MIN,2018,8,PF,208,234,2
brookaa01,MIN,2018,30,PG,183,161,9
brownan02,MIN,2018,3,SF,201,224,2
butleji01,MIN,2018,23,SG,198,230,6
crawfja01,MIN,2018,11,SG,196,185,17
dienggo01,MIN,2018,5,C,208,252,4
georgma01,MIN,2018,13,SG,196,226,1
gibsota01,MIN,2018,67,PF,206,232,8
jonesty01,MIN,2018,1,PG,183,196,2
muhamsh01,MIN,2018,15,SF,196,225,4
pattoju01,MIN,2018,24,C,211,241,0
rosede01,MIN,2018,25,PG,190,200,8
teaguje01,MIN,2018,0,PG,190,195,8
townska01,MIN,2018,32,C,213,248,2
wiggian01,MIN,2018,22,SF,198,197,3
arthuda01,DEN,2018,00,PF,206,235,8
bartowi01,DEN,2018,5,SG,196,181,5
beaslma01,DEN,2018,25,SG,193,187,1
chandwi01,DEN,2018,21,SF,203,235,9
craigto01,DEN,2018,3,SF,196,221,0
farieke01,DEN,2018,35,PF,203,220,6
harride01,DEN,2018,34,PG,190,185,13
harriga01,DEN,2018,14,SG,193,210,3
hernaju01,DEN,2018,41,PF,206,214,1
jefferi01,DEN,2018,22,SF,201,233,16
jokicni01,DEN,2018,15,C,211,284,2
lydonty01,DEN,2018,20,PF,208,225,0
lylestr01,DEN,2018,7,PF,206,234,2
millspa01,DEN,2018,4,PF,201,257,11
morrimo01,DEN,2018,11,PG,188,183,0
mudiaem01,DEN,2018,0,PG,190,200,2
murraja01,DEN,2018,27,PG,193,215,1
plumlma01,DEN,2018,24,C,213,254,4
beverpa01,LAC,2018,21,SG,188,180,5
bradlav01,LAC,2018,11,SG,190,180,7
dekkesa01,LAC,2018,7,PF,206,230,2
evansja01,LAC,2018,1,PG,183,190,0
gallida01,LAC,2018,8,SF,208,236,8
griffbl01,LAC,2018,32,PF,206,250,7
harremo01,LAC,2018,5,C,201,240,2
harrito02,LAC,2018,34,PF,203,226,6
johnsbr02,LAC,2018,11,PF,208,230,1
johnswe01,LAC,2018,33,SF,201,215,7
jordade01,LAC,2018,6,C,211,265,9
kilpase01,LAC,2018,2,SG,193,210,3
marjabo01,LAC,2018,51,C,224,290,2
reedwi02,LAC,2018,35,C,211,245,2
riverau01,LAC,2018,25,SG,193,200,5
teodomi01,LAC,2018,4,PG,196,196,0
thornsi01,LAC,2018,0,SG,193,215,0
wallaty01,LAC,2018,12,PG,196,198,0
willicj01,LAC,2018,9,SG,196,234,0
willilo02,LAC,2018,23,SG,188,175,12
wilsoja02,LAC,2018,13,SF,201,229,0
balllo01,LAL,2018,2,PG,196,190,0
blueva01,LAL,2018,17,SG,193,200,2
bogutan01,LAL,2018,66,C,213,260,12
breweco01,LAL,2018,3,SF,206,186,10
bryanth01,LAL,2018,31,C,206,248,0
caldwke01,LAL,2018,1,SG,196,204,4
carusal01,LAL,2018,4,PG,196,186,0
clarkjo01,LAL,2018,6,SG,196,194,3
denglu01,LAL,2018,9,SF,206,237,13
ennisty01,LAL,2018,10,PG,190,194,3
fryech01,LAL,2018,12,C,213,255,11
hartjo01,LAL,2018,5,SG,196,215,0
hayesni01,LAL,2018,15,SF,201,254,0
ingraan01,LAL,2018,20,SG,190,184,0
ingrabr01,LAL,2018,14,SF,203,190,1
kuzmaky01,LAL,2018,0,PF,203,221,0
lopezbr01,LAL,2018,11,C,216,282,9
nancela02,LAL,2018,7,C,198,245,2
paytoga02,LAL,2018,23,PG,188,195,1
randlju01,LAL,2018,30,C,206,250,3
thomais02,LAL,2018,"3, 7",PG,175,185,6
weartr01,LAL,2018,21,SF,206,219,1
willide02,LAL,2018,6,PF,203,240,6
zubaciv01,LAL,2018,40,C,213,240,1
bogdabo01,SAC,2018,8,SG,196,225,0
cabocbr01,SAC,2018,22,SF,206,218,3
cartevi01,SAC,2018,15,SF,198,220,19
caulewi01,SAC,2018,00,C,213,240,2
cooleja01,SAC,2018,45,PF,208,274,1
foxde01,SAC,2018,5,PG,190,185,0
hayesni01,SAC,2018,40,SF,201,254,0
hieldbu01,SAC,2018,24,SG,193,220,1
hillge01,SAC,2018,3,PG,193,188,9
jacksju01,SAC,2018,25,SF,203,220,0
koufoko01,SAC,2018,41,C,213,245,9
labissk01,SAC,2018,7,PF,208,235,1
masonfr01,SAC,2018,10,PG,180,190,0
papagge01,SAC,2018,13,C,216,240,1
randoza01,SAC,2018,50,PF,206,250,16
richama01,SAC,2018,23,SG,198,205,1
sampsja02,SAC,2018,29,SF,201,214,2
templga01,SAC,2018,17,SG,196,195,7
bareajo01,DAL,2018,5,PG,178,180,11
barneha02,DAL,2018,40,PF,201,225,5
clavegi01,DAL,2018,8,SG,193,185,0
clevean01,DAL,2018,44,SG,196,195,0
colliky01,DAL,2018,8,SF,198,210,0
ferreyo01,DAL,2018,11,SG,183,178,1
finnedo01,DAL,2018,10,PF,201,220,1
harride01,DAL,2018,34,PG,190,185,13
harriaa01,DAL,2018,9,SG,198,210,2
hopsosc01,DAL,2018,32,SG,201,215,1
jonesja04,DAL,2018,21,SF,201,220,0
klebima01,DAL,2018,42,PF,208,240,0
matthwe02,DAL,2018,23,SF,196,220,8
mcderdo01,DAL,2018,20,SF,201,225,3
mcrobjo01,DAL,2018,13,PF,208,240,10
mejrisa01,DAL,2018,50,C,218,235,2
motlejo01,DAL,2018,6,PF,203,230,0
noelne01,DAL,2018,3,C,208,220,3
nowitdi01,DAL,2018,41,C,213,245,19
poweldw01,DAL,2018,7,C,208,240,3
smithde03,DAL,2018,1,PG,188,205,0
warneja01,DAL,2018,32,PF,203,260,0
witheje01,DAL,2018,17,C,213,230,4
brookdi01,MEM,2018,24,SF,201,225,0
brookma01,MEM,2018,8,SG,196,200,3
chalmma01,MEM,2018,6,PG,188,190,8
conlemi01,MEM,2018,11,PG,185,175,10
davisde01,MEM,2018,21,C,206,237,1
ennisja01,MEM,2018,8,SF,198,215,3
evansty01,MEM,2018,12,PG,198,220,8
gasolma01,MEM,2018,33,C,211,255,9
greenja01,MEM,2018,0,PF,206,227,3
harrian01,MEM,2018,5,PG,198,213,1
henrymy01,MEM,2018,4,SF,198,238,0
huntevi01,MEM,2018,32,PF,203,216,0
johnsbr02,MEM,2018,14,PF,208,230,1
johnsom01,MEM,2018,14,PF,206,220,0
martija01,MEM,2018,1,PF,208,239,2
mclembe01,MEM,2018,23,SG,190,195,4
parsoch01,MEM,2018,25,SF,206,230,6
rabbiv01,MEM,2018,10,PF,208,220,0
rathaxa01,MEM,2018,22,SG,193,208,0
seldewa01,MEM,2018,7,SG,193,232,1
simmoko01,MEM,2018,2,PG,196,180,0
teaguma01,MEM,2018,20,PG,188,189,2
weberbr01,MEM,2018,3,PG,188,170,2
wrighbr03,MEM,2018,34,PF,208,235,9
bendedr01,PHO,2018,35,PF,213,249,1
bledser01,PHO,2018,2,PG,185,214,7
bookede01,PHO,2018,1,SG,196,206,2
canaais01,PHO,2018,2,PG,183,200,4
chandty01,PHO,2018,4,C,213,235,16
chrisma01,PHO,2018,0,PF,206,240,1
danietr01,PHO,2018,30,SG,193,200,4
dudleja01,PHO,2018,3,PF,198,237,10
grayjo01,PHO,2018,14,PG,183,180,0
harrish01,PHO,2018,10,PG,193,195,0
houseda01,PHO,2018,23,SG,198,220,1
jacksjo02,PHO,2018,20,SF,203,207,0
jamesmi02,PHO,2018,55,PG,185,175,0
jonesde02,PHO,2018,10,SF,198,210,1
lenal01,PHO,2018,21,C,213,250,4
monrogr01,PHO,2018,14,C,211,265,7
paytoel01,PHO,2018,2,PG,190,195,3
peteral01,PHO,2018,25,PF,206,235,0
reedda01,PHO,2018,32,SG,196,206,0
ulisty01,PHO,2018,8,PG,178,160,1
warretj01,PHO,2018,12,SF,203,220,3
willial03,PHO,2018,15,PF,203,265,2
antetgi01,MIL,2019,34,PF,211,243,5
bledser01,MIL,2019,6,PG,185,214,8
brogdma01,MIL,2019,13,SG,193,229,2
brownst02,MIL,2019,23,SG,196,219,1
canaais01,MIL,2019,7,PG,183,200,5
colsobo01,MIL,2019,50,SF,198,225,0
connapa01,MIL,2019,24,SG,196,209,3
dellama01,MIL,2019,8,PG,190,200,5
divindo01,MIL,2019,9,SG,193,203,0
duvaltr01,MIL,2019,0,PG,188,189,0
fraziti01,MIL,2019,12,PG,185,170,4
gasolpa01,MIL,2019,17,C,213,250,17
hensojo01,MIL,2019,31,C,206,219,6
hillge01,MIL,2019,3,PG,193,188,10
ilyaser01,MIL,2019,77,PF,206,235,10
lopezbr01,MIL,2019,11,C,216,282,10
makerth01,MIL,2019,7,C,213,221,2
middlkh01,MIL,2019,22,SF,201,222,6
mirotni01,MIL,2019,41,PF,208,250,4
morrija01,MIL,2019,30,SG,196,185,1
smithja02,MIL,2019,20,PF,213,240,10
snellto01,MIL,2019,21,SF,198,213,5
wilsodj01,MIL,2019,5,PF,208,231,1
woodch01,MIL,2019,35,PF,203,214,2
anunoog01,TOR,2019,3,SF,201,240,1
bouchch01,TOR,2019,25,PF,203,200,1
brownlo01,TOR,2019,4,PG,196,189,4
gasolma01,TOR,2019,33,C,211,255,10
greenda02,TOR,2019,14,SG,198,215,9
ibakase01,TOR,2019,9,C,211,235,9
leonaka01,TOR,2019,2,SF,198,225,7
linje01,TOR,2019,17,PG,190,200,8
lowryky01,TOR,2019,7,PG,183,196,12
loydjo01,TOR,2019,8,PG,193,210,0
mccawpa01,TOR,2019,1,SG,201,181,2
meeksjo01,TOR,2019,20,SG,193,210,9
milescj01,TOR,2019,0,SF,198,220,13
millema01,TOR,2019,13,SF,201,210,1
monrogr01,TOR,2019,15,C,211,265,8
moreler01,TOR,2019,15,PF,208,238,3
powelno01,TOR,2019,24,SG,190,215,3
richama01,TOR,2019,22,SG,198,205,2
siakapa01,TOR,2019,43,PF,203,245,2
valanjo01,TOR,2019,17,C,211,265,6
vanvlfr01,TOR,2019,23,PG,183,197,2
wrighde01,TOR,2019,55,PG,193,185,3
boldejo01,PHI,2019,43,PF,203,225,0
breweco01,PHI,2019,00,SF,206,186,11
butleji01,PHI,2019,23,SF,198,230,7
chandwi01,PHI,2019,22,PF,203,235,10
covinro01,PHI,2019,33,SF,201,209,5
embiijo01,PHI,2019,21,C,213,280,2
ennisja01,PHI,2019,11,SF,198,215,4
fultzma01,PHI,2019,20,SG,193,209,1
harrito02,PHI,2019,33,PF,203,226,7
highsha01,PHI,2019,7,SF,196,220,0
jacksde01,PHI,2019,11,PG,185,201,2
johnsam01,PHI,2019,5,C,206,240,13
korkmfu01,PHI,2019,30,SG,201,202,1
marjabo01,PHI,2019,51,C,224,290,3
mccontj01,PHI,2019,12,PG,185,190,3
miltosh01,PHI,2019,18,SG,196,205,0
monrogr01,PHI,2019,55,C,211,265,8
muscami01,PHI,2019,31,PF,208,240,5
pattoju01,PHI,2019,0,C,211,241,1
redicjj01,PHI,2019,17,SG,190,200,12
saricda01,PHI,2019,9,PF,208,225,2
scottmi01,PHI,2019,1,PF,201,237,6
shamela01,PHI,2019,"1, 23",SG,196,190,0
simmobe01,PHI,2019,25,PG,208,240,1
simmojo02,PHI,2019,14,SF,198,195,3
smithzh01,PHI,2019,8,SG,190,205,0
baynear01,BOS,2019,46,C,208,260,6
brownja02,BOS,2019,7,SG,198,223,2
doziepj01,BOS,2019,50,SG,198,212,1
haywago01,BOS,2019,20,PF,201,225,8
horfoal01,BOS,2019,42,C,203,240,11
hunterj01,BOS,2019,28,SG,196,185,3
irvinky01,BOS,2019,11,PG,188,195,7
monrogr01,BOS,2019,55,C,211,265,8
morrima03,BOS,2019,13,PF,203,218,7
ojelese01,BOS,2019,37,PF,198,240,1
roziete01,BOS,2019,12,PG,185,190,3
smartma01,BOS,2019,36,SG,190,220,4
tatumja01,BOS,2019,0,SF,203,210,1
theisda01,BOS,2019,27,C,203,245,1
wanambr01,BOS,2019,9,PG,190,210,0
williro04,BOS,2019,44,C,206,249,0
yabusgu01,BOS,2019,30,PF,201,265,1
anigbik01,IND,2019,13,C,206,252,1
bogdabo02,IND,2019,44,SF,201,226,4
collida01,IND,2019,2,PG,183,175,9
evansty01,IND,2019,12,SG,198,220,9
holidaa01,IND,2019,3,PG,183,185,0
johnsal02,IND,2019,24,PF,206,212,0
josepco01,IND,2019,6,PG,188,200,7
leaftj01,IND,2019,22,PF,208,222,1
matthwe02,IND,2019,23,SG,196,220,9
mcderdo01,IND,2019,20,SF,201,225,4
oquinky01,IND,2019,10,C,206,250,6
oladivi01,IND,2019,4,SG,190,213,5
reedda01,IND,2019,32,SG,196,206,1
sabondo01,IND,2019,11,C,208,240,2
sumneed01,IND,2019,5,PG,193,190,1
turnemy01,IND,2019,33,C,211,250,3
youngth01,IND,2019,21,PF,203,225,11
allenja01,BRK,2019,31,C,206,243,1
carrode01,BRK,2019,9,PF,198,215,9
crabbal01,BRK,2019,33,SG,196,212,5
creekmi01,BRK,2019,55,SF,198,225,0
davised01,BRK,2019,17,C,206,218,8
dinwisp01,BRK,2019,8,PG,196,215,4
dudleja01,BRK,2019,6,PF,198,237,11
farieke01,BRK,2019,35,C,203,220,7
grahatr01,BRK,2019,21,SG,196,219,2
harrijo01,BRK,2019,12,SG,198,220,4
holliro01,BRK,2019,24,SF,198,217,3
kurucro01,BRK,2019,00,SF,206,228,0
leverca01,BRK,2019,22,SF,201,205,2
mccalta01,BRK,2019,0,SG,196,190,0
musadz01,BRK,2019,30,SG,206,217,0
napiesh01,BRK,2019,13,PG,183,175,4
pinsoth01,BRK,2019,10,SG,196,212,0
russeda01,BRK,2019,1,PG,190,193,3
willial03,BRK,2019,15,PF,203,265,3
augusdj01,ORL,2019,14,PG,180,183,10
bambamo01,ORL,2019,5,C,213,231,0
birchkh01,ORL,2019,24,C,203,233,1
briscis01,ORL,2019,13,PG,190,215,0
cartemi01,ORL,2019,7,PG,198,205,5
caupatr01,ORL,2019,3,PG,193,210,0
fournev01,ORL,2019,10,SG,198,205,6
frazime01,ORL,2019,35,SG,198,210,0
gordoaa01,ORL,2019,00,PF,203,235,4
grantje02,ORL,2019,22,PG,193,205,3
isaacjo01,ORL,2019,1,PF,208,230,1
iwundwe01,ORL,2019,25,SF,198,195,1
jeffeam01,ORL,2019,11,PF,206,222,0
martija01,ORL,2019,2,PF,208,239,3
rosste01,ORL,2019,31,SG,198,206,6
simmojo02,ORL,2019,17,SG,198,195,3
vucevni01,ORL,2019,9,C,206,260,7
brownbr01,DET,2019,6,SG,193,202,0
bullore01,DET,2019,25,SG,198,205,5
caldejo01,DET,2019,81,PG,190,200,13
drumman01,DET,2019,0,C,211,279,6
ellenhe01,DET,2019,8,PF,208,240,2
ellinwa01,DET,2019,20,SG,193,207,9
gallola01,DET,2019,9,SG,185,200,4
griffbl01,DET,2019,23,PF,206,250,8
jacksre01,DET,2019,1,PG,188,208,7
johnsst04,DET,2019,7,SF,198,242,3
kennalu01,DET,2019,5,SG,196,206,1
leuerjo01,DET,2019,30,PF,208,228,7
loftoza01,DET,2019,18,SG,193,180,0
lucaska01,DET,2019,24,PG,185,195,1
makerth01,DET,2019,7,PF,213,221,2
mykhasv01,DET,2019,19,SF,201,205,0
pachuza01,DET,2019,27,C,211,270,15
robingl02,DET,2019,22,SF,198,222,4
smithis01,DET,2019,14,PG,183,175,8
thomakh01,DET,2019,13,SG,190,210,0
bacondw01,CHO,2019,7,SG,198,221,1
batumni01,CHO,2019,5,SF,201,230,10
biyombi01,CHO,2019,8,C,203,255,7
bridgmi02,CHO,2019,0,SF,201,225,0
chealjo01,CHO,2019,31,PG,193,190,0
grahade01,CHO,2019,4,PG,185,195,0
hernawi01,CHO,2019,41,C,211,250,2
kaminfr01,CHO,2019,44,C,213,240,3
kiddgmi01,CHO,2019,14,PF,198,230,6
lambje01,CHO,2019,3,SG,196,180,6
macksh01,CHO,2019,6,PG,190,203,7
macurjp01,CHO,2019,55,SG,193,203,0
monkma01,CHO,2019,1,SG,190,200,1
parketo01,CHO,2019,9,PG,188,185,17
walkeke02,CHO,2019,15,PG,183,184,7
willima02,CHO,2019,2,PF,203,237,13
zelleco01,CHO,2019,40,C,211,240,5
adebaba01,MIA,2019,13,C,206,255,1
anderry01,MIA,2019,31,PF,206,240,10
dragigo01,MIA,2019,7,PG,193,190,10
ellinwa01,MIA,2019,2,SG,193,207,9
hasleud01,MIA,2019,40,C,203,235,15
johnsja01,MIA,2019,16,PF,201,240,9
johnsty01,MIA,2019,8,PG,190,186,4
jonesde02,MIA,2019,5,SF,198,210,2
matenya01,MIA,2019,00,PF,201,240,0
mcgruro01,MIA,2019,17,SG,193,205,2
olynyke01,MIA,2019,9,PF,213,240,5
richajo01,MIA,2019,0,SG,196,200,3
robindu01,MIA,2019,55,SF,201,215,0
terryem01,MIA,2019,12,PF,206,220,0
wadedw01,MIA,2019,3,SG,193,220,15
waitedi01,MIA,2019,11,SG,190,215,6
whiteha01,MIA,2019,21,C,213,265,6
winslju01,MIA,2019,20,SF,198,222,3
arizatr01,WAS,2019,1,SF,203,215,14
bakerro01,WAS,2019,84,SG,193,220,2
bealbr01,WAS,2019,3,SG,193,207,6
browntr01,WAS,2019,6,SF,201,215,0
bryanth01,WAS,2019,13,C,206,248,1
dekkesa01,WAS,2019,8,PF,206,230,3
greenje02,WAS,2019,32,PF,203,235,10
howardw01,WAS,2019,21,C,208,265,14
jenkijo01,WAS,2019,20,SG,193,215,5
johnswe01,WAS,2019,4,SF,201,215,8
mahinia01,WAS,2019,28,C,211,262,10
mcraejo01,WAS,2019,52,SG,196,179,2
morrima02,WAS,2019,5,PF,206,245,7
oubreke01,WAS,2019,12,SF,203,203,3
parkeja01,WAS,2019,12,PF,201,245,4
paytoga02,WAS,2019,4,PG,188,195,2
porteot01,WAS,2019,22,SF,203,198,5
portibo01,WAS,2019,5,PF,206,250,3
randlch01,WAS,2019,9,PG,188,185,1
riverau01,WAS,2019,1,SG,193,200,6
robinde01,WAS,2019,7,SF,203,200,1
satorto01,WAS,2019,31,PG,201,210,2
smithja02,WAS,2019,14,C,213,240,10
walljo01,WAS,2019,2,PG,190,210,8
whiteok01,WAS,2019,15,PF,203,205,2
adamsja01,ATL,2019,10,PG,183,225,0
anderju01,ATL,2019,1,SF,198,230,3
bazemke01,ATL,2019,24,SG,193,195,6
bembrde01,ATL,2019,95,SG,196,210,2
cartevi01,ATL,2019,15,PF,198,220,20
collijo01,ATL,2019,20,PF,206,226,1
davisde01,ATL,2019,4,C,206,237,2
dedmode01,ATL,2019,14,C,208,245,5
dorsety01,ATL,2019,2,SG,193,180,1
hamilda02,ATL,2019,5,SG,201,195,1
huertke01,ATL,2019,3,SG,198,198,0
humphis01,ATL,2019,8,C,213,255,0
johnsbj01,ATL,2019,5,SF,201,200,0
lenal01,ATL,2019,25,C,213,250,5
linje01,ATL,2019,7,PG,190,200,8
plumlmi01,ATL,2019,18,C,211,249,6
poythal01,ATL,2019,22,PF,206,235,2
princta02,ATL,2019,12,SF,198,218,2
siberjo01,ATL,2019,8,SG,193,187,0
spellom01,ATL,2019,6,PF,203,245,0
youngtr01,ATL,2019,11,PG,188,164,0
zellety01,ATL,2019,45,C,213,253,6
alkinra01,CHI,2019,20,SG,196,225,0
arcidry01,CHI,2019,51,PG,190,195,1
blakean01,CHI,2019,9,SG,193,192,1
cartewe01,CHI,2019,34,C,208,270,0
dunnkr01,CHI,2019,32,PG,190,205,2
feliccr01,CHI,2019,6,C,211,270,3
harrish01,CHI,2019,3,SG,193,195,1
holidju01,CHI,2019,7,SG,198,180,5
hutchch01,CHI,2019,15,SF,198,210,0
lavinza01,CHI,2019,8,SG,196,200,4
lemonwa01,CHI,2019,25,PG,190,180,1
lopezro01,CHI,2019,42,C,216,281,10
luwawti01,CHI,2019,7,SF,201,210,2
markkla01,CHI,2019,24,PF,216,240,1
parkeja01,CHI,2019,2,PF,201,245,4
payneca01,CHI,2019,22,PG,188,183,3
porteot01,CHI,2019,22,SF,203,198,5
portibo01,CHI,2019,5,PF,206,250,3
sampsbr01,CHI,2019,44,SG,196,184,0
sampsja02,CHI,2019,41,SF,201,214,3
seldewa01,CHI,2019,14,SG,193,232,2
ulisty01,CHI,2019,0,PG,178,160,2
adelde01,CLE,2019,32,SF,201,200,0
blossja01,CLE,2019,4,SF,203,220,0
burksal01,CLE,2019,10,SG,196,214,7
chrisma01,CLE,2019,3,PF,206,240,2
clarkjo01,CLE,2019,8,SG,196,194,4
dekkesa01,CLE,2019,15,PF,206,230,3
dellama01,CLE,2019,18,PG,190,200,5
fryech01,CLE,2019,9,C,213,255,12
harrian01,CLE,2019,55,PG,198,213,2
hillge01,CLE,2019,3,PG,193,188,10
hollajo02,CLE,2019,10,SF,196,205,2
hoodro01,CLE,2019,1,SG,203,208,4
jonesja04,CLE,2019,21,SF,201,220,1
knighbr03,CLE,2019,20,PG,188,182,6
korveky01,CLE,2019,26,PF,201,212,15
loveke01,CLE,2019,0,PF,208,251,10
mccawpa01,CLE,2019,3,SG,201,181,2
nancela02,CLE,2019,22,C,198,245,3
nwabada01,CLE,2019,12,SF,196,219,2
osmande01,CLE,2019,16,SF,201,230,1
payneca01,CLE,2019,3,PG,188,183,3
sextoco01,CLE,2019,2,PG,190,190,0
simmoko01,CLE,2019,3,PG,196,180,1
smithjr01,CLE,2019,5,SG,198,225,14
stausni01,CLE,2019,1,SG,198,205,4
thomptr01,CLE,2019,13,C,206,254,7
zizican01,CLE,2019,41,C,208,266,1
allenka01,NYK,2019,0,PG,185,200,1
bakerro01,NYK,2019,31,SG,193,220,2
burketr01,NYK,2019,23,PG,183,185,5
dotsoda01,NYK,2019,21,SG,196,210,1
ellenhe01,NYK,2019,13,PF,208,240,2
kanteen01,NYK,2019,00,C,208,250,7
garrebi01,NYK,2019,3,SG,198,215,0
hardati02,NYK,2019,3,SG,196,205,5
hezonma01,NYK,2019,8,SF,203,220,3
hicksis01,NYK,2019,4,PF,206,230,1
jenkijo01,NYK,2019,30,SG,193,215,5
jordade01,NYK,2019,6,C,211,265,10
knoxke01,NYK,2019,20,PF,203,215,0
kornelu01,NYK,2019,2,C,216,250,1
leeco01,NYK,2019,5,SG,196,215,10
matthwe02,NYK,2019,23,SG,196,220,9
mudiaem01,NYK,2019,1,PG,190,200,3
ntilila01,NYK,2019,11,PG,193,200,1
robinmi01,NYK,2019,26,C,213,240,0
smithde03,NYK,2019,5,PG,188,205,1
thomala01,NYK,2019,42,PF,203,240,7
trieral01,NYK,2019,14,SG,193,200,0
vonleno01,NYK,2019,32,PF,208,257,4
belljo01,GSW,2019,2,C,203,216,1
bogutan01,GSW,2019,12,C,213,260,13
cookqu01,GSW,2019,4,PG,185,180,2
couside01,GSW,2019,0,C,208,270,8
curryst01,GSW,2019,30,PG,188,185,9
derrima01,GSW,2019,32,PF,201,249,0
duranke01,GSW,2019,35,SF,211,240,11
evansja02,GSW,2019,10,SG,193,210,0
greendr01,GSW,2019,23,PF,198,230,6
iguodan01,GSW,2019,9,SF,198,215,14
jerebjo01,GSW,2019,21,PF,208,231,8
jonesda03,GSW,2019,15,C,208,245,2
leeda03,GSW,2019,1,SG,198,210,1
livinsh01,GSW,2019,34,PG,201,192,13
looneke01,GSW,2019,5,C,206,222,3
mckinal01,GSW,2019,28,SF,201,215,1
thompkl01,GSW,2019,11,SG,196,220,7
akoonde01,DEN,2019,23,SG,198,200,0
bartowi01,DEN,2019,5,SF,196,181,6
beaslma01,DEN,2019,25,SG,193,187,2
craigto01,DEN,2019,3,SF,196,221,1
goodwbr01,DEN,2019,6,PG,183,180,0
harriga01,DEN,2019,14,SG,193,210,4
hernaju01,DEN,2019,41,PF,206,214,2
jokicni01,DEN,2019,15,C,211,284,3
lydonty01,DEN,2019,20,PF,208,225,1
lylestr01,DEN,2019,7,PF,206,234,3
millspa01,DEN,2019,4,PF,201,257,12
morrimo01,DEN,2019,11,PG,188,183,1
murraja01,DEN,2019,27,PG,193,215,2
plumlma01,DEN,2019,24,C,213,254,5
thomais02,DEN,2019,0,SG,175,185,7
vandeja01,DEN,2019,8,PF,203,214,0
welshth01,DEN,2019,45,C,213,255,0
youngni01,DEN,2019,34,SG,201,210,11
aminual01,POR,2019,8,PF,206,220,8
baldwwa01,POR,2019,2,PG,193,200,2
colliza01,POR,2019,33,C,206,250,1
curryse01,POR,2019,31,SG,185,185,4
kanteen01,POR,2019,00,C,208,250,7
harklma01,POR,2019,4,SF,201,220,6
hoodro01,POR,2019,5,SG,203,208,4
labissk01,POR,2019,17,PF,208,235,2
laymaja01,POR,2019,10,SF,203,209,2
leoname01,POR,2019,11,C,213,260,6
lillada01,POR,2019,0,PG,188,200,6
mccolcj01,POR,2019,3,SG,190,190,5
nurkiju01,POR,2019,27,C,211,290,4
simonan01,POR,2019,24,SG,190,200,0
stausni01,POR,2019,6,SG,198,205,4
swanica01,POR,2019,50,PF,206,260,1
trentga02,POR,2019,9,SG,196,204,0
turneev01,POR,2019,1,PG,198,220,8
anthoca01,HOU,2019,7,PF,201,238,15
capelca01,HOU,2019,15,C,208,256,4
cartemi01,HOU,2019,1,PG,198,205,5
chiozch01,HOU,2019,2,PG,180,179,0
chrisma01,HOU,2019,0,PF,206,240,2
clarkga01,HOU,2019,6,PF,198,225,0
edwarvi01,HOU,2019,12,SF,203,225,0
ennisja01,HOU,2019,8,SF,198,215,4
farieke01,HOU,2019,35,C,203,220,7
gordoer01,HOU,2019,10,SG,190,215,10
greenge01,HOU,2019,14,SG,198,205,11
hardeja01,HOU,2019,13,PG,196,220,9
harteis01,HOU,2019,55,PF,213,250,0
hilarne01,HOU,2019,42,C,211,250,16
houseda01,HOU,2019,4,SF,198,220,2
joneste01,HOU,2019,9,PF,206,252,5
knighbr03,HOU,2019,2,PG,188,182,6
nunnaja01,HOU,2019,21,SF,201,205,1
paulch01,HOU,2019,3,PG,183,175,13
qizh01,HOU,2019,9,PF,216,210,1
riverau01,HOU,2019,25,SG,193,200,6
shumpim01,HOU,2019,1,SG,196,212,7
tuckepj01,HOU,2019,17,PF,196,245,7
allengr01,UTA,2019,24,SG,190,198,0
bradlto01,UTA,2019,13,C,208,248,1
burksal01,UTA,2019,10,SG,196,214,7
cavanty01,UTA,2019,34,PF,206,238,1
crowdja01,UTA,2019,99,SF,198,235,6
exumda01,UTA,2019,11,PG,196,214,3
favorde01,UTA,2019,15,C,206,265,8
goberru01,UTA,2019,27,C,216,258,5
inglejo01,UTA,2019,2,PF,203,220,4
korveky01,UTA,2019,26,SG,201,212,15
mitchdo01,UTA,2019,45,SG,188,215,1
mitrona01,UTA,2019,30,SG,190,218,1
netora01,UTA,2019,25,PG,188,180,3
niangge01,UTA,2019,31,PF,198,230,2
onealro01,UTA,2019,23,SF,198,226,1
rubiori01,UTA,2019,3,PG,188,190,7
sefolth01,UTA,2019,22,SF,198,215,12
udohek01,UTA,2019,33,C,208,245,6
abrinal01,OKC,2019,8,SG,198,200,2
adamsst01,OKC,2019,12,C,211,265,5
burtode02,OKC,2019,30,SG,193,240,0
davisty01,OKC,2019,34,C,208,266,0
diallha01,OKC,2019,6,SG,196,202,0
evansja01,OKC,2019,8,PG,183,190,1
feltora01,OKC,2019,2,PG,185,205,13
fergute01,OKC,2019,23,SG,198,190,1
georgpa01,OKC,2019,13,SF,203,220,8
grantje01,OKC,2019,9,PF,201,213,4
grantdo01,OKC,2019,15,SF,203,215,0
luwawti01,OKC,2019,7,SF,201,210,2
morrima02,OKC,2019,5,PF,206,245,7
naderab01,OKC,2019,11,SF,196,225,1
noelne01,OKC,2019,3,C,208,220,4
pattepa01,OKC,2019,54,PF,203,235,8
schrode01,OKC,2019,17,PG,185,175,5
westbru01,OKC,2019,0,PG,193,200,10
aldrila01,SAS,2019,12,C,211,250,12
belinma01,SAS,2019,18,SG,196,220,11
bertada01,SAS,2019,42,PF,208,225,2
cunnida01,SAS,2019,33,PF,203,230,9
derozde01,SAS,2019,10,SG,198,220,9
eubandr01,SAS,2019,14,PF,208,245,0
forbebr01,SAS,2019,11,SG,188,205,2
gasolpa01,SAS,2019,16,C,213,250,17
gayru01,SAS,2019,22,PF,203,250,12
metuch01,SAS,2019,7,PF,208,225,0
millspa02,SAS,2019,8,PG,188,180,9
motiedo01,SAS,2019,28,PF,213,255,5
poeltja01,SAS,2019,25,C,213,253,2
pondequ01,SAS,2019,3,SF,201,230,6
walkelo01,SAS,2019,1,SG,193,204,0
whitede01,SAS,2019,4,PG,193,190,1
beverpa01,LAC,2019,21,PG,188,180,6
bradlav01,LAC,2019,11,SG,190,180,8
chandwi01,LAC,2019,22,SF,203,235,10
delgaan01,LAC,2019,31,C,208,245,0
gallida01,LAC,2019,8,SF,208,236,9
gilgesh01,LAC,2019,2,PG,198,195,0
gortama01,LAC,2019,13,C,211,240,11
greenja01,LAC,2019,4,PF,206,227,4
harremo01,LAC,2019,5,C,201,240,3
harrito02,LAC,2019,34,PF,203,226,7
marjabo01,LAC,2019,51,C,224,290,3
mbahalu01,LAC,2019,12,PF,203,230,10
motlejo01,LAC,2019,15,PF,203,230,1
robinje01,LAC,2019,10,SG,196,190,0
scottmi01,LAC,2019,30,PF,201,237,6
shamela01,LAC,2019,20,SG,196,190,0
templga01,LAC,2019,17,SG,196,195,8
teodomi01,LAC,2019,4,PG,196,196,1
thornsi01,LAC,2019,0,SG,193,215,1
wallaty01,LAC,2019,9,PG,196,198,1
willilo02,LAC,2019,23,SG,188,175,13
zubaciv01,LAC,2019,40,C,213,240,2
baglema01,SAC,2019,35,PF,208,235,0
barneha02,SAC,2019,40,SF,201,225,6
bjeline01,SAC,2019,88,PF,208,234,3
bogdabo01,SAC,2019,8,SG,196,225,1
breweco01,SAC,2019,33,SF,206,186,11
burksal01,SAC,2019,13,SG,196,214,7
caulewi01,SAC,2019,00,C,213,240,3
ferreyo01,SAC,2019,3,PG,183,178,2
foxde01,SAC,2019,5,PG,190,185,1
gilesha01,SAC,2019,20,PF,208,240,0
hieldbu01,SAC,2019,24,SG,193,220,2
jacksju01,SAC,2019,25,SF,203,220,1
johnsbj01,SAC,2019,9,SF,201,200,0
koufoko01,SAC,2019,41,C,213,245,10
labissk01,SAC,2019,7,PF,208,235,2
masonfr01,SAC,2019,10,PG,180,190,1
mclembe01,SAC,2019,23,SG,190,195,5
shumpim01,SAC,2019,9,SG,196,212,7
swanica01,SAC,2019,50,PF,206,260,1
willitr02,SAC,2019,19,SF,201,218,2
balllo01,LAL,2019,2,PG,196,190,1
beaslmi01,LAL,2019,11,PF,206,235,10
bongais01,LAL,2019,17,PG,203,180,0
bullore01,LAL,2019,35,SG,198,205,5
caldwke01,LAL,2019,1,SG,196,204,5
carusal01,LAL,2019,4,PG,196,186,1
chandty01,LAL,2019,5,C,213,235,17
hartjo01,LAL,2019,3,SG,196,215,1
ingraan01,LAL,2019,20,SG,190,184,1
ingrabr01,LAL,2019,14,SF,203,190,2
jamesle01,LAL,2019,23,SF,206,250,15
jonesje01,LAL,2019,10,SF,196,174,0
kuzmaky01,LAL,2019,0,PF,203,221,1
machasc01,LAL,2019,10,PG,185,205,1
mcgeeja01,LAL,2019,7,C,213,270,10
muscami01,LAL,2019,31,PF,208,240,5
mykhasv01,LAL,2019,10,SF,201,205,0
rondora01,LAL,2019,9,PG,185,180,12
stephla01,LAL,2019,6,SG,198,230,8
wagnemo01,LAL,2019,15,C,211,245,0
willijo04,LAL,2019,19,C,206,228,0
zubaciv01,LAL,2019,40,C,213,240,2
bateske01,MIN,2019,"31, 33",SF,203,229,0
bayleje01,MIN,2019,8,PG,190,200,10
butleji01,MIN,2019,23,SG,198,230,7
canaais01,MIN,2019,7,PG,183,200,5
covinro01,MIN,2019,33,SF,201,209,5
creekmi01,MIN,2019,55,SF,198,225,0
denglu01,MIN,2019,9,SF,206,237,14
dienggo01,MIN,2019,5,C,208,252,5
gibsota01,MIN,2019,67,PF,206,232,9
jonesty01,MIN,2019,1,PG,183,196,3
nunnaja01,MIN,2019,7,SF,201,205,1
okogijo01,MIN,2019,20,SG,193,213,0
reynoca01,MIN,2019,13,SG,201,225,0
rosede01,MIN,2019,25,PG,190,200,9
saricda01,MIN,2019,36,PF,208,225,2
teaguje01,MIN,2019,0,PG,190,195,9
terreja01,MIN,2019,3,SG,190,227,0
tollian01,MIN,2019,43,PF,203,240,10
townska01,MIN,2019,32,C,213,248,3
wiggian01,MIN,2019,22,SF,198,197,4
willicj01,MIN,2019,12,SG,196,234,1
anderky01,MEM,2019,1,SF,203,230,4
bradlav01,MEM,2019,0,SG,190,180,8
brookdi01,MEM,2019,24,SF,201,225,1
brookma01,MEM,2019,8,SG,196,200,4
cabocbr01,MEM,2019,5,PF,206,218,4
carteje01,MEM,2019,3,PG,183,200,0
casspom01,MEM,2019,18,SF,206,225,9
conlemi01,MEM,2019,11,PG,185,175,11
dorsety01,MEM,2019,22,SG,193,180,1
gasolma01,MEM,2019,33,C,211,255,10
greenja01,MEM,2019,0,PF,206,227,4
hannadu01,MEM,2019,8,SG,193,195,0
harrian01,MEM,2019,5,PG,198,213,2
holidju01,MEM,2019,7,SG,198,180,5
jacksja02,MEM,2019,13,PF,208,242,0
macksh01,MEM,2019,6,PG,190,203,7
milescj01,MEM,2019,6,SF,198,220,13
noahjo01,MEM,2019,55,C,211,230,11
parsoch01,MEM,2019,25,SF,206,230,7
rabbiv01,MEM,2019,10,PF,208,220,1
seldewa01,MEM,2019,7,SG,193,232,2
stephdj01,MEM,2019,20,SG,196,188,1
templga01,MEM,2019,17,SG,196,195,8
valanjo01,MEM,2019,17,C,211,265,6
washbju01,MEM,2019,4,SF,203,210,0
watanyu01,MEM,2019,12,SF,206,215,0
wrighde01,MEM,2019,2,PG,193,185,3
zellety01,MEM,2019,45,C,213,253,6
bertada02,NOP,2019,9,SG,193,183,0
clarkia01,NOP,2019,2,SG,190,175,5
davisan02,NOP,2019,23,C,208,253,6
diallch01,NOP,2019,13,PF,203,219,2
fraziti01,NOP,2019,10,PG,185,170,4
harrian01,NOP,2019,1,PG,198,213,2
hillso01,NOP,2019,44,SF,198,226,5
holidjr01,NOP,2019,11,SG,193,220,9
jacksfr01,NOP,2019,15,PG,190,205,0
johnsst04,NOP,2019,3,SF,198,242,3
johnswe01,NOP,2019,33,SF,201,215,8
milleda01,NOP,2019,21,SF,198,225,4
mirotni01,NOP,2019,3,PF,208,250,4
mooreet01,NOP,2019,55,SG,190,191,7
okafoja01,NOP,2019,8,C,208,270,3
paytoel01,NOP,2019,4,PG,190,195,4
randlju01,NOP,2019,30,PF,206,250,4
smithja02,NOP,2019,14,C,213,240,10
willike04,NOP,2019,34,SF,201,210,0
woodch01,NOP,2019,35,PF,203,214,2
antetko01,DAL,2019,37,PF,208,200,0
bareajo01,DAL,2019,5,PG,178,180,12
barneha02,DAL,2019,40,PF,201,225,6
broekry01,DAL,2019,45,SG,198,215,0
brunsja01,DAL,2019,13,PG,188,190,0
burketr01,DAL,2019,23,PG,183,185,5
doncilu01,DAL,2019,77,SG,203,230,0
finnedo01,DAL,2019,10,SF,201,220,2
hardati02,DAL,2019,11,SG,196,205,5
harride01,DAL,2019,34,PG,190,185,14
jacksju01,DAL,2019,44,SF,203,220,1
jordade01,DAL,2019,6,C,211,265,10
klebima01,DAL,2019,42,PF,208,240,1
leeco01,DAL,2019,1,SG,196,215,10
maconda01,DAL,2019,3,SG,188,185,0
matthwe02,DAL,2019,23,SF,196,220,9
mejrisa01,DAL,2019,50,C,218,235,3
nowitdi01,DAL,2019,41,PF,213,245,20
poweldw01,DAL,2019,7,C,208,240,4
smithde03,DAL,2019,1,PG,188,205,1
spaldra01,DAL,2019,26,PF,208,215,0
acyqu01,PHO,2019,4,PF,201,240,6
anderry01,PHO,2019,15,PF,206,240,10
arizatr01,PHO,2019,3,SF,203,215,14
aytonde01,PHO,2019,22,C,213,252,0
bendedr01,PHO,2019,35,PF,213,249,2
bookede01,PHO,2019,1,SG,196,206,3
bridgmi01,PHO,2019,25,SF,198,209,0
canaais01,PHO,2019,0,PG,183,200,5
chandty01,PHO,2019,4,C,213,235,17
crawfja01,PHO,2019,11,SG,196,185,18
danietr01,PHO,2019,30,SG,193,200,5
evansja01,PHO,2019,0,PG,183,190,1
fredeji01,PHO,2019,32,SG,188,195,5
holmeri01,PHO,2019,21,C,206,235,3
jacksjo02,PHO,2019,20,SG,203,207,1
johnsty01,PHO,2019,16,PG,190,186,4
kingge03,PHO,2019,8,SF,198,220,0
meltode01,PHO,2019,14,PG,188,200,0
moreler01,PHO,2019,23,PF,208,238,3
okoboel01,PHO,2019,2,PG,190,190,0
oubreke01,PHO,2019,3,SF,203,203,3
spaldra01,PHO,2019,26,PF,208,215,0
terryem01,PHO,2019,10,PF,206,220,0
warretj01,PHO,2019,12,SF,203,220,4
antetgi01,MIL,2020,34,PF,211,243,6
antetth01,MIL,2020,43,SF,201,219,1
bendedr01,MIL,2020,17,C,213,249,3
bledser01,MIL,2020,6,PG,185,214,9
brownst02,MIL,2020,23,SF,196,219,2
connapa01,MIL,2020,24,SG,196,209,4
divindo01,MIL,2020,0,SG,193,203,1
hillge01,MIL,2020,3,PG,193,188,11
ilyaser01,MIL,2020,7,PF,206,235,11
korveky01,MIL,2020,26,SF,201,212,16
lopezbr01,MIL,2020,11,C,216,282,11
lopezro01,MIL,2020,42,C,216,281,11
masonfr01,MIL,2020,15,PG,180,190,2
matthwe02,MIL,2020,9,SG,196,220,10
middlkh01,MIL,2020,22,SF,201,222,7
willima02,MIL,2020,20,PF,203,237,14
wilsodj01,MIL,2020,5,PF,208,231,2
anunoog01,TOR,2020,3,SF,201,240,2
bouchch01,TOR,2020,25,C,203,200,2
brissos01,TOR,2020,12,SF,201,210,0
daviste02,TOR,2020,0,SG,193,201,0
gasolma01,TOR,2020,33,C,211,255,11
hernade01,TOR,2020,20,C,208,235,0
holliro01,TOR,2020,4,PF,198,217,4
ibakase01,TOR,2020,9,C,211,235,10
johnsst04,TOR,2020,5,PF,198,242,4
lowryky01,TOR,2020,7,PG,183,196,13
mccawpa01,TOR,2020,22,SF,201,181,3
millema01,TOR,2020,13,SF,201,210,2
pondssh01,TOR,2020,11,PG,183,175,0
powelno01,TOR,2020,24,SG,190,215,4
siakapa01,TOR,2020,43,PF,203,245,3
thomama02,TOR,2020,21,SG,190,190,0
vanvlfr01,TOR,2020,23,SG,183,197,3
watsopa01,TOR,2020,1,SF,198,210,0
brownja02,BOS,2020,7,SG,198,223,3
edwarca01,BOS,2020,4,SG,180,200,0
fallta01,BOS,2020,99,C,229,311,0
kanteen01,BOS,2020,11,C,208,250,8
greenja02,BOS,2020,43,SG,196,205,0
haywago01,BOS,2020,20,SF,201,225,9
langfro01,BOS,2020,45,SG,196,216,0
ojelese01,BOS,2020,37,PF,198,240,2
poirivi01,BOS,2020,77,C,213,235,0
smartma01,BOS,2020,36,SG,190,220,5
tatumja01,BOS,2020,0,PF,203,210,2
theisda01,BOS,2020,27,C,203,245,2
walkeke02,BOS,2020,8,PG,183,184,8
wanambr01,BOS,2020,9,PG,190,210,1
watertr01,BOS,2020,51,PG,178,175,0
willigr01,BOS,2020,12,PF,201,236,0
williro04,BOS,2020,44,C,206,249,1
bitadgo01,IND,2020,88,C,211,250,0
bowenbr02,IND,2020,10,SF,201,199,0
brogdma01,IND,2020,7,PG,193,229,3
holidaa01,IND,2020,3,PG,183,185,1
holidju01,IND,2020,8,SF,198,180,6
johnsal02,IND,2020,24,PF,206,212,1
lambje01,IND,2020,26,SG,196,180,7
leaftj01,IND,2020,22,PF,208,222,2
mccontj01,IND,2020,9,PG,185,190,4
mcderdo01,IND,2020,20,PF,201,225,5
mitrona01,IND,2020,15,SG,190,218,2
oladivi01,IND,2020,4,SG,190,213,6
sabondo01,IND,2020,11,PF,208,240,3
sampsja02,IND,2020,14,PF,201,214,4
sumneed01,IND,2020,5,SG,193,190,2
turnemy01,IND,2020,33,C,211,250,4
warretj01,IND,2020,1,SF,203,220,5
adebaba01,MIA,2020,13,PF,206,255,2
alexaky01,MIA,2020,17,C,211,220,0
butleji01,MIA,2020,22,SF,198,230,8
crowdja01,MIA,2020,99,PF,198,235,7
dragigo01,MIA,2020,7,PG,193,190,11
hasleud01,MIA,2020,40,C,203,235,16
herroty01,MIA,2020,14,SG,196,195,0
hillso01,MIA,2020,44,PF,198,226,6
iguodan01,MIA,2020,28,SF,198,215,15
johnsja01,MIA,2020,16,PF,201,240,10
jonesde02,MIA,2020,5,SF,198,210,3
leoname01,MIA,2020,0,C,213,260,7
maconda01,MIA,2020,15,PG,188,185,1
nunnke01,MIA,2020,25,PG,190,190,0
okpalkz01,MIA,2020,4,PF,203,215,0
olynyke01,MIA,2020,9,C,213,240,6
robindu01,MIA,2020,55,SG,201,215,1
silvach01,MIA,2020,30,PF,203,234,0
vincega01,MIA,2020,2,PG,188,200,0
waitedi01,MIA,2020,11,SG,190,215,7
winslju01,MIA,2020,20,SG,198,222,4
boldejo01,PHI,2020,43,C,203,225,1
burketr01,PHI,2020,23,PG,183,185,6
burksal01,PHI,2020,20,SG,196,214,8
embiijo01,PHI,2020,21,C,213,280,3
ennisja01,PHI,2020,11,SF,198,215,5
harrito02,PHI,2020,12,PF,203,226,8
horfoal01,PHI,2020,42,C,203,240,12
korkmfu01,PHI,2020,30,SG,201,202,2
miltosh01,PHI,2020,18,SG,196,205,1
netora01,PHI,2020,19,PG,188,180,4
oquinky01,PHI,2020,9,C,206,250,7
pelleno01,PHI,2020,14,C,208,231,0
richajo01,PHI,2020,0,SG,196,200,4
robingl02,PHI,2020,40,SF,198,222,5
scottmi01,PHI,2020,1,PF,201,237,7
shayoma01,PHI,2020,35,SG,196,198,0
simmobe01,PHI,2020,25,PG,208,240,2
smithzh01,PHI,2020,5,SF,190,205,1
thybuma01,PHI,2020,22,SG,196,202,0
allenja01,BRK,2020,31,C,206,243,2
anderju01,BRK,2020,10,SG,198,230,4
chandwi01,BRK,2020,21,PF,203,235,11
chiozch01,BRK,2020,4,PG,180,179,1
claxtni01,BRK,2020,33,C,211,215,0
crawfja01,BRK,2020,1,SG,196,185,19
dinwisp01,BRK,2020,"8, 26",PG,196,215,5
ellenhe01,BRK,2020,4,C,208,240,3
halldo01,BRK,2020,45,C,208,230,0
harrijo01,BRK,2020,12,SF,198,220,5
irvinky01,BRK,2020,11,PG,188,195,8
johnsty01,BRK,2020,8,SG,190,186,5
jordade01,BRK,2020,6,C,211,265,11
kurucro01,BRK,2020,00,PF,206,228,1
leverca01,BRK,2020,22,SG,201,205,3
luwawti01,BRK,2020,9,SF,201,210,3
martije02,BRK,2020,0,PG,188,185,0
musadz01,BRK,2020,13,SF,206,217,1
nwabada01,BRK,2020,0,SF,196,219,3
pinsoth01,BRK,2020,1,SG,196,212,1
princta02,BRK,2020,2,PF,198,218,3
shumpim01,BRK,2020,10,SF,196,212,8
templga01,BRK,2020,17,SG,196,195,9
thomala01,BRK,2020,42,PF,203,240,8
aminual01,ORL,2020,2,PF,206,220,9
augusdj01,ORL,2020,14,PG,180,183,11
bambamo01,ORL,2020,5,C,213,231,1
birchkh01,ORL,2020,24,C,203,233,2
cartemi01,ORL,2020,7,SG,198,205,6
clarkga01,ORL,2020,12,SF,198,225,1
ennisja01,ORL,2020,11,SG,198,215,5
fournev01,ORL,2020,10,SF,198,205,7
frazime01,ORL,2020,35,SG,198,210,1
fultzma01,ORL,2020,20,PG,193,209,2
gordoaa01,ORL,2020,00,PF,203,235,5
isaacjo01,ORL,2020,1,PF,208,230,2
iwundwe01,ORL,2020,25,SF,198,195,2
jeffeam01,ORL,2020,11,PF,206,222,1
johnsbj01,ORL,2020,13,SF,201,200,1
lawvi01,ORL,2020,23,PF,201,200,0
magetjo01,ORL,2020,4,PG,185,160,1
rosste01,ORL,2020,"8, 31",SG,198,206,7
vucevni01,ORL,2020,9,C,206,260,8
bacondw01,CHO,2020,7,SG,198,221,2
batumni01,CHO,2020,5,SF,201,230,11
biyombi01,CHO,2020,8,C,203,255,8
bridgmi02,CHO,2020,0,SF,201,225,1
chealjo01,CHO,2020,31,PG,193,190,1
grahade01,CHO,2020,4,PG,185,195,1
hernawi01,CHO,2020,9,C,211,250,3
kiddgmi01,CHO,2020,14,PF,198,230,7
martica02,CHO,2020,10,SF,196,205,0
martico01,CHO,2020,11,SF,198,205,0
mcdanja01,CHO,2020,6,SF,206,205,0
monkma01,CHO,2020,1,SG,190,200,2
roziete01,CHO,2020,3,PG,185,190,4
washipj01,CHO,2020,25,PF,201,230,0
willima02,CHO,2020,2,PF,203,237,14
zelleco01,CHO,2020,40,C,211,240,6
bealbr01,WAS,2020,3,SG,193,207,7
bertada01,WAS,2020,42,PF,208,225,3
bongais01,WAS,2020,17,SF,203,180,1
browntr01,WAS,2020,6,SF,201,215,1
bryanth01,WAS,2020,13,C,206,248,2
chiozch01,WAS,2020,9,PG,180,179,1
grantje02,WAS,2020,22,SG,193,205,4
hachiru01,WAS,2020,8,PF,203,230,0
mahinia01,WAS,2020,28,C,211,262,11
mathega01,WAS,2020,24,SG,196,215,0
mcraejo01,WAS,2020,52,SG,196,179,3
milescj01,WAS,2020,34,SF,198,220,14
napiesh01,WAS,2020,5,PG,183,175,5
pasecan01,WAS,2020,18,C,216,229,0
paytoga02,WAS,2020,20,SF,188,195,3
robinje01,WAS,2020,12,SG,196,190,1
robinju01,WAS,2020,5,PG,185,195,0
schofad01,WAS,2020,1,PF,196,241,0
smithis01,WAS,2020,14,PG,183,175,9
thomais02,WAS,2020,4,PG,175,185,8
uthofja01,WAS,2020,7,PF,206,220,1
wagnemo01,WAS,2020,21,C,211,245,1
willijo04,WAS,2020,19,PF,206,228,1
arcidry01,CHI,2020,51,PG,190,195,2
cartewe01,CHI,2020,34,C,208,270,1
dunnkr01,CHI,2020,32,PG,190,205,3
feliccr01,CHI,2020,6,C,211,270,4
gaffoda01,CHI,2020,12,C,208,265,0
harrish01,CHI,2020,3,SG,193,195,2
hutchch01,CHI,2020,15,SF,198,210,1
kornelu01,CHI,2020,2,C,216,250,2
lavinza01,CHI,2020,8,SF,196,200,5
markkla01,CHI,2020,24,PF,216,240,2
mokokad01,CHI,2020,20,SF,193,190,0
porteot01,CHI,2020,22,SF,203,198,6
satorto01,CHI,2020,31,SG,201,210,3
strusma01,CHI,2020,28,SF,196,215,0
valende01,CHI,2020,45,SF,193,220,2
whiteco01,CHI,2020,0,PG,193,195,0
youngth01,CHI,2020,21,PF,203,225,12
allenka01,NYK,2020,0,PG,185,200,2
barrerj01,NYK,2020,9,SG,198,214,0
brazdig01,NYK,2020,17,SF,198,221,0
bullore01,NYK,2020,25,SG,198,205,6
dotsoda01,NYK,2020,21,SG,196,210,2
ellinwa01,NYK,2020,2,SG,193,207,10
gibsota01,NYK,2020,67,C,206,232,10
harklma01,NYK,2020,3,SF,201,220,7
knoxke01,NYK,2020,20,SF,203,215,1
morrima03,NYK,2020,13,SF,203,218,8
ntilila01,NYK,2020,11,PG,193,200,2
paytoel01,NYK,2020,6,PG,190,195,5
portibo01,NYK,2020,1,PF,206,250,4
randlju01,NYK,2020,30,PF,206,250,5
robinmi01,NYK,2020,23,C,213,240,1
smithde03,NYK,2020,5,PG,188,205,2
trieral01,NYK,2020,14,SG,193,200,1
bonejo01,DET,2020,18,PG,188,180,0
brownbr01,DET,2020,6,PG,193,202,1
doumbse01,DET,2020,45,PF,203,230,0
drumman01,DET,2020,0,C,211,279,7
fraziti01,DET,2020,12,PG,185,170,5
gallola01,DET,2020,9,SG,185,200,5
griffbl01,DET,2020,23,PF,206,250,9
halldo01,DET,2020,42,PF,208,230,0
hensojo01,DET,2020,31,C,206,219,7
jacksre01,DET,2020,1,PG,188,208,8
kennalu01,DET,2020,5,SG,196,206,2
kinglo02,DET,2020,14,SF,201,205,0
knighbr03,DET,2020,20,PG,188,182,7
makerth01,DET,2020,7,C,213,221,3
mcraejo01,DET,2020,52,SG,196,179,3
morrima02,DET,2020,"8, 88",PF,206,245,8
mykhasv01,DET,2020,19,SF,201,205,1
rosede01,DET,2020,25,PG,190,200,10
snellto01,DET,2020,17,SF,198,213,6
thomakh01,DET,2020,13,SG,190,210,1
waltode01,DET,2020,12,PG,183,189,1
woodch01,DET,2020,35,PF,203,214,3
bembrde01,ATL,2020,95,SG,196,210,3
brownch02,ATL,2020,4,SG,198,199,0
cartevi01,ATL,2020,15,PF,198,220,21
collijo01,ATL,2020,20,PF,206,226,2
crabbal01,ATL,2020,33,SG,196,212,6
dedmode01,ATL,2020,14,C,208,245,6
fernabr01,ATL,2020,24,C,206,240,0
goodwbr01,ATL,2020,0,PG,183,180,1
grahatr01,ATL,2020,2,SF,196,219,3
huertke01,ATL,2020,3,SG,198,198,1
huntede01,ATL,2020,12,SF,201,221,0
jonesda03,ATL,2020,30,C,208,245,3
lenal01,ATL,2020,25,C,213,250,6
parkeja01,ATL,2020,5,PF,201,245,5
parsoch01,ATL,2020,31,PF,206,230,8
reddica01,ATL,2020,22,SF,201,230,0
teaguje01,ATL,2020,00,PG,190,195,10
turneev01,ATL,2020,1,SG,198,220,9
wallaty01,ATL,2020,8,SG,196,198,2
watsopa01,ATL,2020,2,SF,198,210,0
youngtr01,ATL,2020,11,PG,188,164,1
boldema01,CLE,2020,5,C,208,249,0
clarkjo01,CLE,2020,8,SG,196,194,5
cookty01,CLE,2020,21,PF,203,255,0
dellama01,CLE,2020,18,PG,190,200,6
drumman01,CLE,2020,3,C,211,279,7
exumda01,CLE,2020,1,SG,196,214,4
garlada01,CLE,2020,10,SG,185,192,0
hensojo01,CLE,2020,31,C,206,219,7
knighbr03,CLE,2020,20,SG,188,182,7
loveke01,CLE,2020,0,PF,208,251,11
macurjp01,CLE,2020,55,SG,193,203,1
mckinal01,CLE,2020,28,SF,201,215,2
moonema01,CLE,2020,31,SG,190,199,0
nancela02,CLE,2020,22,PF,198,245,4
newmama01,CLE,2020,14,SG,190,190,0
osmande01,CLE,2020,16,SF,201,230,2
porteke02,CLE,2020,4,SF,196,203,0
sextoco01,CLE,2020,2,PG,190,190,1
thomptr01,CLE,2020,13,C,206,254,8
wadede01,CLE,2020,32,PF,206,228,0
zizican01,CLE,2020,41,C,208,266,2
antetko01,LAL,2020,37,PF,208,200,1
bradlav01,LAL,2020,11,SG,190,180,9
cacokde01,LAL,2020,12,C,201,240,0
caldwke01,LAL,2020,1,SG,196,204,6
carusal01,LAL,2020,4,PG,196,186,2
cookqu01,LAL,2020,"2, 28",PG,185,180,3
danietr01,LAL,2020,30,SG,193,200,6
davisan02,LAL,2020,3,PF,208,253,7
dudleja01,LAL,2020,10,PF,198,237,12
greenda02,LAL,2020,14,SG,198,215,10
hortota01,LAL,2020,5,SG,193,234,0
howardw01,LAL,2020,39,C,208,265,15
jamesle01,LAL,2020,23,PG,206,250,16
kuzmaky01,LAL,2020,0,PF,203,221,2
mcgeeja01,LAL,2020,7,C,213,270,11
morrima02,LAL,2020,88,PF,206,245,8
norveza01,LAL,2020,21,SG,196,206,0
rondora01,LAL,2020,9,PG,185,180,13
smithjr01,LAL,2020,21,SG,198,225,15
waitedi01,LAL,2020,18,SG,190,215,7
beverpa01,LAC,2020,21,PG,188,180,7
coffeam01,LAC,2020,7,SG,201,210,0
georgpa01,LAC,2020,13,SF,203,220,9
greenja01,LAC,2020,4,PF,206,227,5
harklma01,LAC,2020,"8, 11",PF,201,220,7
harremo01,LAC,2020,5,C,201,240,4
jacksre01,LAC,2020,1,PG,188,208,8
kabenmf01,LAC,2020,25,C,208,250,0
leonaka01,LAC,2020,2,SF,198,225,8
mannte01,LAC,2020,14,SF,198,215,0
mcgruro01,LAC,2020,19,SG,193,205,3
morrima03,LAC,2020,31,PF,203,218,8
motlejo01,LAC,2020,15,PF,203,230,2
noahjo01,LAC,2020,55,C,211,230,12
pattepa01,LAC,2020,54,PF,203,235,9
robinje01,LAC,2020,1,SG,196,190,1
shamela01,LAC,2020,20,SG,196,190,1
waltode01,LAC,2020,10,PG,183,189,1
willilo02,LAC,2020,23,PG,188,175,14
zubaciv01,LAC,2020,40,C,213,240,3
bartowi01,DEN,2020,5,SF,196,181,7
bateske01,DEN,2020,6,SF,203,229,1
beaslma01,DEN,2020,25,SG,193,187,3
bolbo01,DEN,2020,10,PF,221,220,0
cancavl01,DEN,2020,31,PF,203,236,0
cookty01,DEN,2020,25,SF,203,255,0
craigto01,DEN,2020,3,SF,196,221,2
danietr01,DEN,2020,30,SG,193,200,6
doziepj01,DEN,2020,35,SG,198,212,2
grantje01,DEN,2020,9,PF,201,213,5
harriga01,DEN,2020,14,SG,193,210,5
hernaju01,DEN,2020,41,PF,206,214,3
jokicni01,DEN,2020,15,C,211,284,4
mcraejo01,DEN,2020,52,SG,196,179,3
millspa01,DEN,2020,4,PF,201,257,13
morrimo01,DEN,2020,11,PG,188,183,2
murraja01,DEN,2020,27,PG,193,215,3
plumlma01,DEN,2020,"7, 24",C,213,254,6
portemi01,DEN,2020,1,SF,208,218,0
vandeja01,DEN,2020,6,PF,203,214,1
vonleno01,DEN,2020,32,C,208,257,5
anderry01,HOU,2020,33,C,206,240,11
cabocbr01,HOU,2020,5,C,206,218,5
capelca01,HOU,2020,15,C,208,256,5
carrode01,HOU,2020,9,C,198,215,10
chandty01,HOU,2020,19,C,213,235,18
clarkga01,HOU,2020,6,PF,198,225,1
clemoch01,HOU,2020,3,SG,175,180,0
covinro01,HOU,2020,33,C,201,209,6
frazimi01,HOU,2020,21,SG,190,200,0
gordoer01,HOU,2020,10,SF,190,215,11
greenje02,HOU,2020,32,C,203,235,11
hardeja01,HOU,2020,13,SG,196,220,10
harteis01,HOU,2020,55,C,213,250,1
houseda01,HOU,2020,4,SF,198,220,3
howarwi01,HOU,2020,52,PF,203,207,0
mbahalu01,HOU,2020,12,PF,203,230,11
mclembe01,HOU,2020,16,SF,190,195,6
riverau01,HOU,2020,25,SG,193,200,7
sefolth01,HOU,2020,18,PF,198,215,13
tuckepj01,HOU,2020,17,PF,196,245,8
westbru01,HOU,2020,0,PG,193,200,11
adamsst01,OKC,2020,12,C,211,265,6
bazleda01,OKC,2020,7,PF,206,216,0
burtode02,OKC,2020,30,SF,193,240,1
diallha01,OKC,2020,6,SF,196,202,1
dortlu01,OKC,2020,5,SF,193,220,0
fergute01,OKC,2020,23,SF,198,190,2
gallida01,OKC,2020,8,PF,208,236,10
gilgesh01,OKC,2020,2,SG,198,195,1
hallde01,OKC,2020,"14, 22",PG,188,215,0
herveke01,OKC,2020,15,PF,203,230,0
muscami01,OKC,2020,33,C,208,240,6
naderab01,OKC,2020,11,SF,196,225,2
noelne01,OKC,2020,9,C,208,220,5
pattoju01,OKC,2020,13,C,211,241,2
paulch01,OKC,2020,3,PG,183,175,14
roberan03,OKC,2020,21,SF,201,210,5
robyis01,OKC,2020,22,PF,198,230,0
schrode01,OKC,2020,17,PG,185,175,6
bogdabo02,UTA,2020,44,SF,201,226,5
bradlto01,UTA,2020,13,C,208,248,2
brantja01,UTA,2020,5,PF,196,250,0
clarkjo01,UTA,2020,00,SG,196,194,5
conlemi01,UTA,2020,10,PG,185,175,12
davised01,UTA,2020,17,C,206,218,9
exumda01,UTA,2020,11,SG,196,214,4
goberru01,UTA,2020,27,C,216,258,6
greenje02,UTA,2020,22,PF,203,235,11
inglejo01,UTA,2020,2,PF,203,220,5
kiddst01,UTA,2020,15,SG,198,216,0
mitchdo01,UTA,2020,45,SG,188,215,2
morgaju01,UTA,2020,16,PF,201,232,0
mudiaem01,UTA,2020,"8, 15",PG,190,200,4
niangge01,UTA,2020,31,PF,198,230,3
onealro01,UTA,2020,23,SF,198,226,2
onimi01,UTA,2020,"24, 81",SF,196,206,0
tuckera01,UTA,2020,6,SG,190,209,0
willini01,UTA,2020,0,PG,188,190,0
wrighju02,UTA,2020,3,PG,183,190,0
bareajo01,DAL,2020,5,PG,178,180,13
broekry01,DAL,2020,45,SF,198,215,1
brunsja01,DAL,2020,13,PG,188,190,1
burketr01,DAL,2020,32,PG,183,185,6
caulewi01,DAL,2020,33,C,213,240,4
clevean01,DAL,2020,3,SG,196,195,1
curryse01,DAL,2020,30,SG,185,185,5
doncilu01,DAL,2020,77,PG,203,230,1
finnedo01,DAL,2020,10,PF,201,220,3
hardati02,DAL,2020,11,SG,196,205,6
jacksju01,DAL,2020,44,PF,203,220,2
kiddgmi01,DAL,2020,9,PF,198,230,7
klebima01,DAL,2020,42,PF,208,240,2
leeco01,DAL,2020,1,SG,196,215,11
marjabo01,DAL,2020,51,C,224,290,4
porzikr01,DAL,2020,6,C,218,240,3
poweldw01,DAL,2020,7,C,208,240,5
reavejo02,DAL,2020,23,SF,193,214,0
wrighde01,DAL,2020,55,PG,193,185,4
adamsja01,POR,2020,10,PG,183,225,1
anthoca01,POR,2020,00,PF,201,238,16
arizatr01,POR,2020,8,SF,203,215,15
bazemke01,POR,2020,24,SF,193,195,7
brownmo01,POR,2020,4,C,218,258,0
colliza01,POR,2020,33,PF,206,250,2
gabriwe01,POR,2020,35,PF,206,205,0
hezonma01,POR,2020,44,PF,203,220,4
hoardja01,POR,2020,6,PF,203,216,0
hoodro01,POR,2020,5,SF,203,208,5
labissk01,POR,2020,17,C,208,235,3
lillada01,POR,2020,0,PG,188,200,7
littlna01,POR,2020,9,PF,198,220,0
mccolcj01,POR,2020,3,SG,190,190,6
nurkiju01,POR,2020,27,C,211,290,5
simonan01,POR,2020,1,SG,190,200,1
swanica01,POR,2020,50,PF,206,260,2
tollian01,POR,2020,43,PF,203,240,11
trentga02,POR,2020,2,SF,196,204,1
whiteha01,POR,2020,21,C,213,265,7
allengr01,MEM,2020,3,SG,190,198,1
anderky01,MEM,2020,1,SF,203,230,5
belljo01,MEM,2020,2,C,203,216,2
brookdi01,MEM,2020,24,SG,201,225,2
cabocbr01,MEM,2020,5,C,206,218,5
clarkbr01,MEM,2020,15,PF,203,215,0
crowdja01,MEM,2020,99,SF,198,235,7
dienggo01,MEM,2020,14,C,208,252,6
gudurma01,MEM,2020,23,SG,198,201,0
hannadu01,MEM,2020,5,SG,193,195,1
hillso01,MEM,2020,44,PF,198,226,6
jacksja02,MEM,2020,13,C,208,242,1
jacksjo02,MEM,2020,20,SF,203,207,2
jonesty01,MEM,2020,21,PG,183,196,4
konchjo01,MEM,2020,46,SG,196,210,0
meltode01,MEM,2020,0,PG,188,200,1
moranja01,MEM,2020,12,PG,188,174,0
tollian01,MEM,2020,44,PF,203,240,11
uthofja01,MEM,2020,19,PF,206,220,1
valanjo01,MEM,2020,17,C,211,265,7
watanyu01,MEM,2020,18,SF,206,215,1
aytonde01,PHO,2020,22,C,213,252,1
baynear01,PHO,2020,46,C,208,260,7
boldejo01,PHO,2020,43,C,203,225,1
bookede01,PHO,2020,1,SG,196,206,4
bridgmi01,PHO,2020,25,SF,198,209,1
carteje01,PHO,2020,4,PG,183,200,1
diallch01,PHO,2020,14,C,203,219,3
harpeja01,PHO,2020,12,PG,178,175,0
jeromty01,PHO,2020,10,SG,196,195,0
johnsca02,PHO,2020,23,PF,203,210,0
johnsty01,PHO,2020,16,PG,190,186,5
kaminfr01,PHO,2020,8,C,213,240,4
lecquja01,PHO,2020,0,SG,193,185,0
okoboel01,PHO,2020,2,PG,190,190,1
oubreke01,PHO,2020,3,SF,203,203,4
owensta01,PHO,2020,41,PF,208,205,0
payneca01,PHO,2020,15,SG,188,183,4
rubiori01,PHO,2020,11,PG,188,190,8
saricda01,PHO,2020,20,PF,208,225,3
aldrila01,SAS,2020,12,C,211,250,13
belinma01,SAS,2020,18,SG,196,220,12
carrode01,SAS,2020,77,SF,198,215,10
derozde01,SAS,2020,10,SF,198,220,10
eubandr01,SAS,2020,14,C,208,245,1
forbebr01,SAS,2020,11,SG,188,205,3
gayru01,SAS,2020,22,PF,203,250,13
johnske04,SAS,2020,3,SF,198,220,0
lylestr01,SAS,2020,41,PF,206,234,4
metuch01,SAS,2020,7,C,208,225,1
millspa02,SAS,2020,8,PG,188,180,10
murrade01,SAS,2020,5,PG,193,180,2
poeltja01,SAS,2020,25,C,213,253,3
samanlu01,SAS,2020,19,PF,208,227,0
walkelo01,SAS,2020,1,SG,193,204,1
weathqu01,SAS,2020,15,SG,190,207,0
whitede01,SAS,2020,4,SG,193,190,2
zellety01,SAS,2020,40,C,213,253,7
arizatr01,SAC,2020,0,SF,203,215,15
baglema01,SAC,2020,35,C,208,235,1
barneha02,SAC,2020,40,PF,201,225,7
bazemke01,SAC,2020,26,SF,193,195,7
bjeline01,SAC,2020,88,PF,208,234,4
bogdabo01,SAC,2020,8,SG,196,225,2
breweco01,SAC,2020,13,PF,206,186,12
dedmode01,SAC,2020,13,C,208,245,6
ferreyo01,SAC,2020,3,PG,183,178,3
foxde01,SAC,2020,5,PG,190,185,2
gabriwe01,SAC,2020,32,PF,206,205,0
gilesha01,SAC,2020,20,C,208,240,1
guyky01,SAC,2020,7,SG,185,167,0
hieldbu01,SAC,2020,24,SG,193,220,3
holmeri01,SAC,2020,22,C,206,235,4
jamesju01,SAC,2020,10,SF,198,190,0
jeffrda01,SAC,2020,19,SG,196,222,0
josepco01,SAC,2020,9,PG,188,200,8
lenal01,SAC,2020,25,C,213,250,6
mikaer01,SAC,2020,42,C,208,240,0
parkeja01,SAC,2020,33,PF,201,245,5
swanica01,SAC,2020,50,C,206,260,2
tollian01,SAC,2020,43,PF,203,240,11
alexani01,NOP,2020,0,SG,196,205,0
balllo01,NOP,2020,2,PG,196,190,2
cheatzy01,NOP,2020,45,PF,196,220,0
favorde01,NOP,2020,22,C,206,265,9
grayjo01,NOP,2020,5,PG,183,180,1
hartjo01,NOP,2020,3,SF,196,215,2
hayesja02,NOP,2020,10,C,213,220,0
holidjr01,NOP,2020,11,SG,193,220,10
ingrabr01,NOP,2020,14,PF,203,190,3
jacksfr01,NOP,2020,15,PG,190,205,1
mellini01,NOP,2020,20,C,206,236,0
mooreet01,NOP,2020,55,SG,190,191,8
okafoja01,NOP,2020,"8, 9",C,208,270,4
redicjj01,NOP,2020,4,SG,190,200,13
thornsi01,NOP,2020,12,SF,193,215,2
willike04,NOP,2020,34,PF,201,210,1
willizi01,NOP,2020,1,PF,198,284,0
bateske01,MIN,2020,31,PF,203,229,1
beaslma01,MIN,2020,5,SG,193,187,3
belljo01,MIN,2020,7,C,203,216,2
covinro01,MIN,2020,33,PF,201,209,6
crabbal01,MIN,2020,9,SF,196,212,6
culveja01,MIN,2020,23,SG,198,195,0
dienggo01,MIN,2020,5,C,208,252,6
evansja02,MIN,2020,12,SG,193,210,1
grahatr01,MIN,2020,12,SF,196,219,3
hernaju01,MIN,2020,41,PF,206,214,3
johnsja01,MIN,2020,16,C,201,240,10
laymaja01,MIN,2020,10,SF,203,209,3
martike03,MIN,2020,30,SF,196,230,0
mclaujo01,MIN,2020,6,PG,180,185,0
napiesh01,MIN,2020,13,PG,183,175,5
nowelja01,MIN,2020,4,SG,193,201,0
okogijo01,MIN,2020,20,SG,193,213,1
reidna01,MIN,2020,11,C,206,264,0
russeda01,MIN,2020,0,PG,190,193,4
teaguje01,MIN,2020,0,PG,190,195,10
townska01,MIN,2020,32,C,213,248,4
vandeja01,MIN,2020,3,PF,203,214,1
vonleno01,MIN,2020,1,C,208,257,5
wiggian01,MIN,2020,22,SF,198,197,5
bendedr01,GSW,2020,10,PF,213,249,3
bowmaky01,GSW,2020,12,PG,185,187,0
burksal01,GSW,2020,"8, 20",SF,196,214,8
caulewi01,GSW,2020,2,C,213,240,4
chrisma01,GSW,2020,32,PF,206,240,3
curryst01,GSW,2020,30,PG,188,185,10
evansja02,GSW,2020,10,SG,193,210,1
greendr01,GSW,2020,23,PF,198,230,7
leeda03,GSW,2020,1,SG,198,210,2
looneke01,GSW,2020,5,C,206,222,4
muldemy01,GSW,2020,15,SF,190,195,0
norveza01,GSW,2020,21,SG,196,206,0
pargoje01,GSW,2020,20,PG,188,219,2
pascher01,GSW,2020,7,PF,198,255,0
poolejo01,GSW,2020,3,SG,193,194,0
randlch01,GSW,2020,25,PG,188,185,2
robingl02,GSW,2020,22,SF,198,222,5
russeda01,GSW,2020,0,PG,190,193,4
smailal01,GSW,2020,6,C,208,215,0
spellom01,GSW,2020,4,C,203,245,1
toscaju01,GSW,2020,95,SG,198,209,0
wiggian01,GSW,2020,22,SF,198,197,5
bradlto01,PHI,2021,11,C,208,248,3
brazdig01,PHI,2021,17,SF,198,221,1
clarkga01,PHI,2021,11,PF,198,225,2
curryse01,PHI,2021,31,SG,185,185,6
embiijo01,PHI,2021,21,C,213,280,4
fergute01,PHI,2021,23,SG,198,190,3
greenda02,PHI,2021,14,SF,198,215,11
harrito02,PHI,2021,12,PF,203,226,9
hillge01,PHI,2021,33,PG,193,188,12
howardw01,PHI,2021,39,C,208,265,16
joeis01,PHI,2021,7,SG,193,165,0
jonesma05,PHI,2021,5,SG,193,200,0
korkmfu01,PHI,2021,30,SG,201,202,3
mathida01,PHI,2021,33,SG,193,200,0
maxeyty01,PHI,2021,0,SG,188,200,0
miltosh01,PHI,2021,18,SG,196,205,2
poirivi01,PHI,2021,17,C,213,235,1
reedpa01,PHI,2021,44,PF,206,210,0
scottmi01,PHI,2021,1,PF,201,237,8
simmobe01,PHI,2021,25,PG,208,240,3
thybuma01,PHI,2021,22,SG,196,202,1
tollian01,PHI,2021,43,PF,203,240,12
tuckera01,PHI,2021,9,PG,190,209,1
aldrila01,BRK,2021,21,C,211,250,14
allenja01,BRK,2021,31,C,206,243,3
brownbr01,BRK,2021,1,PG,193,202,2
chiozch01,BRK,2021,4,PG,180,179,2
claxtni01,BRK,2021,33,C,211,215,1
cookty01,BRK,2021,2,PF,203,255,1
dinwisp01,BRK,2021,26,SG,196,215,6
duranke01,BRK,2021,7,PF,211,240,12
greenje02,BRK,2021,8,PF,203,235,12
griffbl01,BRK,2021,2,PF,206,250,10
hardeja01,BRK,2021,13,PG,196,220,11
harrijo01,BRK,2021,12,SF,198,220,6
irvinky01,BRK,2021,11,PG,188,195,9
jamesmi02,BRK,2021,55,PG,185,175,1
johnsal02,BRK,2021,24,PF,206,212,2
johnsty01,BRK,2021,10,SG,190,186,6
jordade01,BRK,2021,6,C,211,265,12
kurucro01,BRK,2021,00,PF,206,228,2
leverca01,BRK,2021,22,SG,201,205,4
luwawti01,BRK,2021,9,SF,201,210,4
pelleno01,BRK,2021,14,C,208,231,1
perryre01,BRK,2021,"0, 14",PF,203,250,0
princta02,BRK,2021,2,PF,198,218,4
roberan03,BRK,2021,22,SG,201,210,6
shamela01,BRK,2021,"13, 20",SG,196,190,2
shumpim01,BRK,2021,21,SG,196,212,9
vonleno01,BRK,2021,24,C,208,257,6
adamsja01,MIL,2021,6,PG,183,225,2
antetgi01,MIL,2021,34,PF,211,243,7
antetth01,MIL,2021,43,SF,201,219,2
augusdj01,MIL,2021,12,PG,180,183,12
bryanel01,MIL,2021,3,SG,196,210,0
connapa01,MIL,2021,24,SG,196,209,5
craigto01,MIL,2021,3,SF,196,221,3
diakima01,MIL,2021,25,PF,206,228,0
divindo01,MIL,2021,0,SG,193,203,2
forbebr01,MIL,2021,7,SG,188,205,4
holidjr01,MIL,2021,21,PG,193,220,11
jacksju01,MIL,2021,44,SF,203,220,3
kurucro01,MIL,2021,00,SF,206,228,2
lopezbr01,MIL,2021,11,C,216,282,12
merrisa01,MIL,2021,15,SG,193,205,0
middlkh01,MIL,2021,22,SF,201,222,8
nworajo01,MIL,2021,13,SF,203,225,0
portibo01,MIL,2021,9,C,206,250,5
teaguje01,MIL,2021,5,PG,190,195,11
toupaax01,MIL,2021,66,SF,201,210,2
tuckepj01,MIL,2021,17,PF,196,245,9
wilsodj01,MIL,2021,5,PF,208,231,3
barrerj01,NYK,2021,9,SG,198,214,1
brazdig01,NYK,2021,17,SF,198,221,1
bullore01,NYK,2021,25,SF,198,205,7
burksal01,NYK,2021,18,SG,196,214,9
gibsota01,NYK,2021,67,C,206,232,11
harpeja01,NYK,2021,0,PG,178,175,1
knoxke01,NYK,2021,20,SF,203,215,2
noelne01,NYK,2021,3,C,208,220,6
ntilila01,NYK,2021,11,PG,193,200,3
paytoel01,NYK,2021,6,PG,190,195,6
pelleno01,NYK,2021,14,C,208,231,1
pinsoth01,NYK,2021,21,SG,196,212,2
quickim01,NYK,2021,5,PG,188,190,0
randlju01,NYK,2021,30,PF,206,250,6
riverau01,NYK,2021,8,SG,193,200,8
robinmi01,NYK,2021,23,C,213,240,2
rosede01,NYK,2021,4,PG,190,200,11
smithde03,NYK,2021,4,PG,188,205,3
toppiob01,NYK,2021,1,PF,206,220,0
bogdabo01,ATL,2021,13,SG,196,225,3
capelca01,ATL,2021,15,C,208,256,6
collijo01,ATL,2021,20,PF,206,226,3
dunnkr01,ATL,2021,32,PG,190,205,4
fernabr01,ATL,2021,24,C,206,240,1
gallida01,ATL,2021,8,PF,208,236,11
goodwbr01,ATL,2021,0,PG,183,180,2
hillso01,ATL,2021,18,PF,198,226,7
huertke01,ATL,2021,3,SG,198,198,2
huntede01,ATL,2021,12,SF,201,221,1
knighna01,ATL,2021,1,PF,203,253,0
mayssk01,ATL,2021,4,SG,193,205,0
okongon01,ATL,2021,17,C,208,240,0
reddica01,ATL,2021,22,SF,201,230,1
rondora01,ATL,2021,7,PG,185,180,14
snellto01,ATL,2021,19,SG,198,213,7
willilo02,ATL,2021,6,PG,188,175,15
youngtr01,ATL,2021,11,PG,188,164,2
achiupr01,MIA,2021,5,PF,203,243,0
adebaba01,MIA,2021,13,C,206,255,3
arizatr01,MIA,2021,"0, 8",SF,203,215,16
bjeline01,MIA,2021,70,PF,208,234,5
bradlav01,MIA,2021,11,SG,190,180,10
butleji01,MIA,2021,22,SF,198,230,9
dedmode01,MIA,2021,21,C,208,245,7
dragigo01,MIA,2021,7,PG,193,190,12
harklma01,MIA,2021,8,SF,201,220,8
hasleud01,MIA,2021,40,C,203,235,17
herroty01,MIA,2021,14,SG,196,195,1
iguodan01,MIA,2021,28,SF,198,215,16
leoname01,MIA,2021,0,C,213,260,8
nunnke01,MIA,2021,25,PG,190,190,1
okpalkz01,MIA,2021,"4, 11",PF,203,215,1
oladivi01,MIA,2021,4,SG,190,213,7
olynyke01,MIA,2021,9,C,213,240,7
robindu01,MIA,2021,55,SF,201,215,2
silvach01,MIA,2021,30,PF,203,234,1
strusma01,MIA,2021,31,SF,196,215,1
vincega01,MIA,2021,2,PG,188,200,1
brownja02,BOS,2021,7,SG,198,223,4
edwarca01,BOS,2021,4,SG,180,200,1
fallta01,BOS,2021,99,C,229,311,1
fournev01,BOS,2021,94,SF,198,205,8
greenja02,BOS,2021,43,SF,196,205,1
kornelu01,BOS,2021,40,C,216,250,3
langfro01,BOS,2021,45,SG,196,216,1
nesmiaa01,BOS,2021,26,SF,196,215,0
ojelese01,BOS,2021,37,PF,198,240,3
parkeja01,BOS,2021,20,PF,201,245,6
pritcpa01,BOS,2021,11,SG,185,195,0
smartma01,BOS,2021,36,PG,190,220,6
tatumja01,BOS,2021,0,SF,203,210,3
teaguje01,BOS,2021,55,PG,190,195,11
theisda01,BOS,2021,27,C,203,245,3
thomptr01,BOS,2021,13,C,206,254,9
wagnemo01,BOS,2021,20,C,211,245,2
walkeke02,BOS,2021,8,PG,183,184,9
watertr01,BOS,2021,51,PG,178,175,1
willigr01,BOS,2021,12,PF,201,236,1
williro04,BOS,2021,44,C,206,249,2
avdijde01,WAS,2021,9,SF,203,228,0
bealbr01,WAS,2021,3,SG,193,207,8
belljo01,WAS,2021,7,C,203,216,3
bertada01,WAS,2021,42,PF,208,225,4
bongais01,WAS,2021,17,SF,203,180,2
browntr01,WAS,2021,6,SF,201,215,2
bryanth01,WAS,2021,13,C,206,248,3
gaffoda01,WAS,2021,21,C,208,265,1
gillan01,WAS,2021,16,PF,201,230,0
hachiru01,WAS,2021,8,PF,203,230,1
hutchch01,WAS,2021,1,SF,198,210,2
lenal01,WAS,2021,27,C,213,250,7
lopezro01,WAS,2021,15,C,216,281,12
mathega01,WAS,2021,24,SG,196,215,1
netora01,WAS,2021,19,PG,188,180,5
pasecan01,WAS,2021,18,C,216,229,1
robinje01,WAS,2021,12,SG,196,190,2
smithis01,WAS,2021,14,PG,183,175,10
wagnemo01,WAS,2021,21,C,211,245,2
westbru01,WAS,2021,4,PG,193,200,12
winstca01,WAS,2021,5,PG,185,185,0
bitadgo01,IND,2021,88,C,211,250,1
bowenbr02,IND,2021,10,SF,201,199,1
brimaam01,IND,2021,37,C,208,230,0
brissos01,IND,2021,12,SF,201,210,1
brogdma01,IND,2021,7,PG,193,229,4
holidaa01,IND,2021,3,PG,183,185,2
holidju01,IND,2021,8,SG,198,180,7
lambje01,IND,2021,26,SG,196,180,8
lecquja01,IND,2021,0,PG,193,185,1
leverca01,IND,2021,22,SG,201,205,4
martike03,IND,2021,21,SF,196,230,1
mccontj01,IND,2021,9,PG,185,190,5
mcderdo01,IND,2021,20,PF,201,225,6
oladivi01,IND,2021,4,SG,190,213,7
sabondo01,IND,2021,11,PF,208,240,4
sampsja02,IND,2021,14,PF,201,214,5
stanlca01,IND,2021,2,SG,196,190,0
sumneed01,IND,2021,5,SG,193,190,3
turnemy01,IND,2021,33,C,211,250,5
warretj01,IND,2021,1,SF,203,220,6
ballla01,CHO,2021,2,PG,201,180,0
biyombi01,CHO,2021,8,C,203,255,9
bridgmi02,CHO,2021,0,PF,201,225,2
careyve01,CHO,2021,22,C,208,270,0
darlina01,CHO,2021,30,SG,196,200,0
grahade01,CHO,2021,4,PG,185,195,2
haywago01,CHO,2021,20,SF,201,225,10
martica02,CHO,2021,10,SF,196,205,1
martico01,CHO,2021,11,SF,198,205,1
mcdanja01,CHO,2021,6,SF,206,205,1
monkma01,CHO,2021,1,SG,190,200,3
richani01,CHO,2021,14,PF,211,245,0
rillegr01,CHO,2021,7,PG,188,190,0
roziete01,CHO,2021,3,SG,185,190,5
wanambr01,CHO,2021,9,PG,190,210,2
washipj01,CHO,2021,25,PF,201,230,1
zelleco01,CHO,2021,40,C,211,240,7
aminual01,CHI,2021,5,PF,206,220,10
arcidry01,CHI,2021,51,PG,190,195,3
browntr01,CHI,2021,7,SF,201,215,2
cartewe01,CHI,2021,34,C,208,270,2
dotsode01,CHI,2021,3,PG,185,185,0
feliccr01,CHI,2021,6,C,211,270,5
gaffoda01,CHI,2021,12,C,208,265,1
greenja02,CHI,2021,11,SG,196,205,1
hutchch01,CHI,2021,15,SF,198,210,2
kornelu01,CHI,2021,2,C,216,250,3
lavinza01,CHI,2021,8,SG,196,200,6
markkla01,CHI,2021,24,PF,216,240,3
mokokad01,CHI,2021,20,SG,193,190,1
porteot01,CHI,2021,22,SF,203,198,7
satorto01,CHI,2021,31,SG,201,210,4
templga01,CHI,2021,17,SG,196,195,10
theisda01,CHI,2021,27,C,203,245,3
valende01,CHI,2021,45,SG,193,220,3
vucevni01,CHI,2021,9,C,206,260,9
whiteco01,CHI,2021,0,PG,193,195,1
willipa01,CHI,2021,"9, 44",PF,198,215,0
youngth01,CHI,2021,21,PF,203,225,13
anunoog01,TOR,2021,3,SF,201,240,3
baynear01,TOR,2021,46,C,208,260,8
bembrde01,TOR,2021,95,SF,196,210,4
birchkh01,TOR,2021,24,C,203,233,3
bouchch01,TOR,2021,25,C,203,200,3
daviste02,TOR,2021,0,SG,193,201,1
ellenhe01,TOR,2021,44,PF,208,240,4
flynnma01,TOR,2021,8,PG,185,185,0
gillefr01,TOR,2021,55,PF,206,245,0
harrija01,TOR,2021,2,SG,196,195,0
hoodro01,TOR,2021,32,SF,203,208,6
johnsst04,TOR,2021,5,PF,198,242,5
lenal01,TOR,2021,27,C,213,250,7
lowryky01,TOR,2021,7,PG,183,196,14
mccawpa01,TOR,2021,22,SF,201,181,4
powelno01,TOR,2021,24,SG,190,215,5
siakapa01,TOR,2021,43,PF,203,245,4
thomama02,TOR,2021,21,SG,190,190,1
trentga02,TOR,2021,33,SG,196,204,2
vanvlfr01,TOR,2021,23,SG,183,197,4
watanyu01,TOR,2021,18,SF,206,215,2
watsopa01,TOR,2021,1,SF,198,210,1
allenja01,CLE,2021,31,C,206,243,3
boldema01,CLE,2021,24,C,208,249,1
cookqu01,CLE,2021,4,PG,185,180,4
dellama01,CLE,2021,18,PG,190,200,7
dotsoda01,CLE,2021,21,SG,196,210,3
drumman01,CLE,2021,3,C,211,279,8
exumda01,CLE,2021,1,SG,196,214,5
ferreyo01,CLE,2021,5,PG,183,178,4
garlada01,CLE,2021,10,PG,185,192,1
harteis01,CLE,2021,55,C,213,250,2
kabenmf01,CLE,2021,27,PF,208,250,1
loveke01,CLE,2021,0,PF,208,251,12
makerth01,CLE,2021,14,C,213,221,4
martije02,CLE,2021,3,PG,188,185,1
mcgeeja01,CLE,2021,6,C,213,270,12
nancela02,CLE,2021,22,PF,198,245,5
okorois01,CLE,2021,35,SG,193,225,0
osmande01,CLE,2021,16,SF,201,230,3
princta02,CLE,2021,12,PF,198,218,4
sextoco01,CLE,2021,2,SG,190,190,2
stevela01,CLE,2021,8,PF,201,230,0
thomabr01,CLE,2021,33,SG,196,185,0
varejan01,CLE,2021,17,C,211,273,13
wadede01,CLE,2021,32,PF,206,228,1
windldy01,CLE,2021,9,SF,201,196,0
aminual01,ORL,2021,2,PF,206,220,10
anthoco01,ORL,2021,50,PG,188,185,0
bacondw01,ORL,2021,8,SG,198,221,3
bambamo01,ORL,2021,5,C,213,231,2
birchkh01,ORL,2021,24,C,203,233,3
bonejo01,ORL,2021,23,PG,188,180,1
brazdig01,ORL,2021,17,SF,198,221,1
cannade01,ORL,2021,30,PG,188,183,0
cartewe01,ORL,2021,34,C,208,270,2
cartemi01,ORL,2021,7,SG,198,205,7
clarkga01,ORL,2021,12,SF,198,225,2
ennisja01,ORL,2021,11,SF,198,215,6
fournev01,ORL,2021,10,SF,198,205,8
frankro01,ORL,2021,0,PF,201,225,0
fultzma01,ORL,2021,20,PG,193,209,3
gordoaa01,ORL,2021,00,PF,203,235,6
halldo01,ORL,2021,45,PF,208,230,1
hamptrj01,ORL,2021,13,SG,193,175,0
harriga01,ORL,2021,14,SG,193,210,6
maneka01,ORL,2021,4,PG,190,190,0
masonfr01,ORL,2021,15,PG,180,190,3
okekech01,ORL,2021,3,PF,201,229,0
porteot01,ORL,2021,22,PF,203,198,7
randlch01,ORL,2021,25,PG,188,185,3
rosste01,ORL,2021,31,SG,198,206,8
thornsi01,ORL,2021,12,SG,193,215,3
vucevni01,ORL,2021,9,C,206,260,9
wagnemo01,ORL,2021,21,C,211,245,2
beysa01,DET,2021,41,SF,203,215,0
cookty01,DET,2021,25,SF,203,255,1
diallha01,DET,2021,6,SF,196,202,2
doumbse01,DET,2021,45,PF,203,230,1
ellinwa01,DET,2021,8,SG,193,207,11
grantje01,DET,2021,9,SF,201,213,6
griffbl01,DET,2021,23,PF,206,250,10
hayeski01,DET,2021,7,PG,193,195,0
jacksfr01,DET,2021,5,PG,190,205,2
jacksjo02,DET,2021,20,SG,203,207,3
josepco01,DET,2021,18,PG,188,200,9
leesa01,DET,2021,38,PG,188,183,0
mcgruro01,DET,2021,17,SG,193,205,4
mykhasv01,DET,2021,19,SF,201,205,2
okafoja01,DET,2021,13,C,208,270,5
plumlma01,DET,2021,24,C,213,254,7
rosede01,DET,2021,25,PG,190,200,11
sirvyde01,DET,2021,91,SG,203,190,0
smithde03,DET,2021,0,PG,188,205,3
stewais01,DET,2021,28,C,203,250,0
wrighde01,DET,2021,55,PG,193,185,5
azubuud01,UTA,2021,20,C,211,270,0
bogdabo02,UTA,2021,44,SF,201,226,6
brantja01,UTA,2021,5,PF,196,250,1
clarkjo01,UTA,2021,00,SG,196,194,6
conlemi01,UTA,2021,10,PG,185,175,13
favorde01,UTA,2021,15,C,206,265,10
forretr01,UTA,2021,3,PG,193,210,0
goberru01,UTA,2021,27,C,216,258,7
harrish01,UTA,2021,8,SG,193,195,3
hugheel01,UTA,2021,33,SF,196,215,0
ilyaser01,UTA,2021,77,PF,206,235,12
inglejo01,UTA,2021,2,SF,203,220,6
mitchdo01,UTA,2021,45,PG,188,215,3
morgaju01,UTA,2021,16,PF,201,232,1
niangge01,UTA,2021,31,PF,198,230,4
onealro01,UTA,2021,23,SF,198,226,3
onimi01,UTA,2021,81,SG,196,206,1
thomama02,UTA,2021,21,SG,190,190,1
alexaty01,PHO,2021,0,SG,190,195,0
aytonde01,PHO,2021,22,C,213,252,2
bookede01,PHO,2021,1,SG,196,206,5
bridgmi01,PHO,2021,25,SF,198,209,2
carteje01,PHO,2021,4,PG,183,200,2
craigto01,PHO,2021,12,SF,196,221,3
crowdja01,PHO,2021,99,PF,198,235,8
gallola01,PHO,2021,2,SG,185,200,6
johnsca02,PHO,2021,23,PF,203,210,1
jonesda03,PHO,2021,30,C,208,245,4
kaminfr01,PHO,2021,8,C,213,240,5
mooreet01,PHO,2021,55,SG,190,191,9
naderab01,PHO,2021,11,SF,196,225,3
paulch01,PHO,2021,3,PG,183,175,15
payneca01,PHO,2021,15,PG,188,183,5
saricda01,PHO,2021,20,C,208,225,4
smithja04,PHO,2021,10,PF,203,215,0
bartowi01,DEN,2021,5,SF,196,181,8
bolbo01,DEN,2021,10,PF,221,220,1
campafa01,DEN,2021,7,PG,178,195,0
cancavl01,DEN,2021,31,PF,203,236,1
clarkga01,DEN,2021,6,SF,198,225,2
doziepj01,DEN,2021,35,SG,198,212,3
gordoaa01,DEN,2021,50,PF,203,235,6
greenja01,DEN,2021,0,PF,206,227,6
hamptrj01,DEN,2021,13,SG,193,175,0
harriga01,DEN,2021,14,SG,193,210,6
harrish01,DEN,2021,3,SG,193,195,3
harteis01,DEN,2021,25,C,213,250,2
howarma02,DEN,2021,00,SG,178,175,0
jokicni01,DEN,2021,15,C,211,284,5
mcgeeja01,DEN,2021,34,C,213,270,12
millspa01,DEN,2021,4,PF,201,257,14
morrimo01,DEN,2021,11,PG,188,183,3
murraja01,DEN,2021,27,PG,193,215,4
nnajize01,DEN,2021,22,PF,208,240,0
portemi01,DEN,2021,1,SF,208,218,1
riverau01,DEN,2021,25,SG,193,200,8
whittgr01,DEN,2021,3,PF,203,210,0
batumni01,LAC,2021,33,SF,201,230,12
beverpa01,LAC,2021,21,PG,188,180,8
coffeam01,LAC,2021,7,SG,201,210,1
couside01,LAC,2021,15,C,208,270,9
ferreyo01,LAC,2021,11,PG,183,178,4
fittsma01,LAC,2021,24,PF,196,230,0
georgpa01,LAC,2021,13,SF,203,220,10
ibakase01,LAC,2021,9,C,211,235,11
jacksre01,LAC,2021,1,SG,188,208,9
kabenmf01,LAC,2021,25,PF,208,250,1
kennalu01,LAC,2021,5,SG,196,206,3
leonaka01,LAC,2021,2,SF,198,225,9
mannte01,LAC,2021,14,SG,198,215,1
morrima03,LAC,2021,8,PF,203,218,9
oturuda01,LAC,2021,10,C,208,240,0
pattepa01,LAC,2021,54,PF,203,235,10
rondora01,LAC,2021,4,PG,185,180,14
scrubja01,LAC,2021,0,SG,196,220,0
willilo02,LAC,2021,23,PG,188,175,15
zubaciv01,LAC,2021,40,C,213,240,4
beyty01,DAL,2021,2,SF,201,215,0
brunsja01,DAL,2021,13,PG,188,190,2
burketr01,DAL,2021,3,PG,183,185,7
caulewi01,DAL,2021,33,C,213,240,5
doncilu01,DAL,2021,77,PG,203,230,2
finnedo01,DAL,2021,10,PF,201,220,4
greenjo02,DAL,2021,8,SG,198,200,0
hardati02,DAL,2021,11,SG,196,205,7
hintona01,DAL,2021,14,SG,196,210,0
iwundwe01,DAL,2021,25,SF,198,195,3
johnsja01,DAL,2021,16,PF,201,240,11
klebima01,DAL,2021,42,PF,208,240,3
marjabo01,DAL,2021,51,C,224,290,5
mellini01,DAL,2021,44,PF,206,236,1
porzikr01,DAL,2021,6,C,218,240,4
poweldw01,DAL,2021,7,C,208,240,6
redicjj01,DAL,2021,17,SG,190,200,14
richajo01,DAL,2021,0,SG,196,200,5
terryty01,DAL,2021,1,PG,188,160,0
anthoca01,POR,2021,00,PF,201,238,17
blevike01,POR,2021,21,SF,193,200,0
covinro01,POR,2021,23,PF,201,209,7
ellebcj01,POR,2021,16,SF,198,200,0
kanteen01,POR,2021,11,C,208,250,9
gilesha01,POR,2021,4,C,208,240,2
holliro01,POR,2021,2,PF,198,217,5
hoodro01,POR,2021,5,SF,203,208,6
jonesde02,POR,2021,"5, 55",SF,198,210,4
leaftj01,POR,2021,18,PF,208,222,3
lillada01,POR,2021,0,PG,188,200,8
littlna01,POR,2021,9,PF,198,220,1
mccolcj01,POR,2021,3,SG,190,190,7
nurkiju01,POR,2021,27,C,211,290,6
powelno01,POR,2021,24,SF,190,215,5
simonan01,POR,2021,1,SG,190,200,2
trentga02,POR,2021,2,SG,196,204,2
antetko01,LAL,2021,37,PF,208,200,2
cacokde01,LAL,2021,12,PF,201,240,1
caldwke01,LAL,2021,1,SG,196,204,7
carusal01,LAL,2021,4,PG,196,186,3
cookqu01,LAL,2021,2,PG,185,180,4
davisan02,LAL,2021,3,PF,208,253,8
drumman01,LAL,2021,2,C,211,279,8
dudleja01,LAL,2021,10,PF,198,237,13
gasolma01,LAL,2021,14,C,211,255,12
harremo01,LAL,2021,15,C,201,240,5
hortota01,LAL,2021,5,SG,193,234,1
jamesle01,LAL,2021,23,PG,206,250,17
jonesda03,LAL,2021,30,C,208,245,4
kuzmaky01,LAL,2021,0,SF,203,221,3
matthwe02,LAL,2021,9,SG,196,220,11
mckinal01,LAL,2021,28,SF,201,215,3
mclembe01,LAL,2021,7,SG,190,195,7
morrima02,LAL,2021,88,PF,206,245,9
schrode01,LAL,2021,17,SG,185,175,7
bazemke01,GSW,2021,26,SF,193,195,8
belljo01,GSW,2021,20,C,203,216,3
chrisma01,GSW,2021,32,PF,206,240,4
curryst01,GSW,2021,30,PG,188,185,11
greendr01,GSW,2021,23,PF,198,230,8
leeda03,GSW,2021,1,SG,198,210,3
looneke01,GSW,2021,5,C,206,222,5
mannini01,GSW,2021,2,PG,188,190,0
muldemy01,GSW,2021,15,PG,190,195,1
oubreke01,GSW,2021,12,SF,203,203,5
pascher01,GSW,2021,7,PF,198,255,1
paytoga02,GSW,2021,0,PG,188,195,4
poolejo01,GSW,2021,3,SG,193,194,1
smailal01,GSW,2021,6,PF,208,215,1
toscaju01,GSW,2021,95,SG,198,209,1
wanambr01,GSW,2021,10,PG,190,210,2
wiggian01,GSW,2021,22,PF,198,197,6
wisemja01,GSW,2021,33,C,211,240,0
allengr01,MEM,2021,3,SG,190,198,2
anderky01,MEM,2021,1,PF,203,230,6
banede01,MEM,2021,22,SG,198,215,0
brookdi01,MEM,2021,24,SF,201,225,3
clarkbr01,MEM,2021,15,PF,203,215,1
dienggo01,MEM,2021,14,C,208,252,7
fraziti01,MEM,2021,10,PG,185,170,6
jacksja02,MEM,2021,13,C,208,242,2
jonesty01,MEM,2021,21,PG,183,196,5
konchjo01,MEM,2021,46,SG,196,210,1
mcderse01,MEM,2021,30,SF,198,195,0
meltode01,MEM,2021,0,PG,188,200,2
moranja01,MEM,2021,12,PG,188,174,1
portejo01,MEM,2021,4,PF,211,240,0
tilliki02,MEM,2021,35,C,206,220,0
tillmxa01,MEM,2021,2,PF,203,245,0
valanjo01,MEM,2021,17,C,211,265,8
winslju01,MEM,2021,7,SF,198,222,5
aldrila01,SAS,2021,12,C,211,250,14
bateske01,SAS,2021,31,SF,203,229,2
derozde01,SAS,2021,10,PF,198,220,11
dienggo01,SAS,2021,7,C,208,252,7
eubandr01,SAS,2021,14,C,208,245,2
gayru01,SAS,2021,22,PF,203,250,14
johnske04,SAS,2021,3,SF,198,220,1
jonestr01,SAS,2021,33,PG,185,185,0
lylestr01,SAS,2021,41,PF,206,234,5
millspa02,SAS,2021,8,PG,188,180,11
murrade01,SAS,2021,5,PG,193,180,3
poeltja01,SAS,2021,25,C,213,253,4
reynoca01,SAS,2021,23,SF,201,225,1
samanlu01,SAS,2021,19,PF,208,227,1
vassede01,SAS,2021,24,SF,196,200,0
walkelo01,SAS,2021,1,SG,193,204,2
weathqu01,SAS,2021,15,SG,190,207,1
whitede01,SAS,2021,4,SG,193,190,3
adamsst01,NOP,2021,12,C,211,265,7
alexani01,NOP,2021,6,SG,196,205,1
balllo01,NOP,2021,2,PG,196,190,3
bledser01,NOP,2021,5,SG,185,214,10
gabriwe01,NOP,2021,32,PF,206,205,1
hartjo01,NOP,2021,3,SF,196,215,3
hayesja02,NOP,2021,10,C,213,220,1
hernawi01,NOP,2021,9,C,211,250,4
ingrabr01,NOP,2021,14,SF,203,190,4
iwundwe01,NOP,2021,4,SF,198,195,3
johnsja01,NOP,2021,16,PF,201,240,11
lewiski01,NOP,2021,13,PG,185,170,0
louzama01,NOP,2021,0,SF,196,188,0
magnawi01,NOP,2021,25,C,208,234,0
marshna01,NOP,2021,8,SF,198,220,0
mellini01,NOP,2021,20,PF,206,236,1
nunnaja01,NOP,2021,21,SF,201,205,2
redicjj01,NOP,2021,4,SG,190,200,14
thomais02,NOP,2021,24,PG,175,185,9
thornsi01,NOP,2021,15,SG,193,215,3
willizi01,NOP,2021,1,PF,198,284,1
baglema01,SAC,2021,35,PF,208,235,2
barneha02,SAC,2021,40,PF,201,225,8
bjeline01,SAC,2021,8,PF,208,234,5
daviste02,SAC,2021,9,SG,193,201,1
foxde01,SAC,2021,5,PG,190,185,3
guyky01,SAC,2021,7,PG,185,167,1
halibty01,SAC,2021,0,PG,196,185,0
harklma01,SAC,2021,8,PF,201,220,8
hieldbu01,SAC,2021,24,SG,193,220,4
holmeri01,SAC,2021,22,C,206,235,5
jamesju01,SAC,2021,10,SF,198,190,1
jeffrda01,SAC,2021,19,SG,196,222,1
jonesda03,SAC,2021,15,C,208,245,4
josepco01,SAC,2021,9,PG,188,200,9
kinglo02,SAC,2021,23,SF,201,205,1
metuch01,SAC,2021,25,C,208,225,2
parkeja01,SAC,2021,33,PF,201,245,6
pelleno01,SAC,2021,31,C,208,231,1
ramseja01,SAC,2021,3,SG,190,190,0
robingl02,SAC,2021,30,SF,198,222,6
silvach01,SAC,2021,30,PF,203,234,1
whiteha01,SAC,2021,20,C,213,265,8
woodaro01,SAC,2021,13,SF,198,235,0
wrighde01,SAC,2021,55,PG,193,185,5
beaslma01,MIN,2021,5,SG,193,187,4
culveja01,MIN,2021,23,SG,198,195,1
davised01,MIN,2021,17,C,206,218,10
edwaran01,MIN,2021,1,SG,193,225,0
haganas01,MIN,2021,22,PG,190,190,0
hernaju01,MIN,2021,41,PF,206,214,4
laymaja01,MIN,2021,10,SF,203,209,4
mcdanja02,MIN,2021,3,PF,206,185,0
mclaujo01,MIN,2021,6,PG,180,185,1
nowelja01,MIN,2021,4,SG,193,201,1
okogijo01,MIN,2021,20,SG,193,213,2
reidna01,MIN,2021,11,C,206,264,1
rubiori01,MIN,2021,9,PG,188,190,9
russeda01,MIN,2021,0,PG,190,193,5
townska01,MIN,2021,32,C,213,248,5
vandeja01,MIN,2021,8,PF,203,214,2
bazleda01,OKC,2021,7,PF,206,216,1
bradlto01,OKC,2021,13,C,208,248,3
brownch02,OKC,2021,44,SG,198,199,1
brownmo01,OKC,2021,9,C,218,258,1
deckga01,OKC,2021,6,PF,198,231,0
diallha01,OKC,2021,6,SG,196,202,2
dortlu01,OKC,2021,5,SG,193,220,1
gilgesh01,OKC,2021,2,SG,198,195,2
halljo01,OKC,2021,15,SF,206,190,0
hillge01,OKC,2021,3,PG,193,188,12
hoardja01,OKC,2021,8,SF,203,216,1
horfoal01,OKC,2021,42,C,203,240,13
jacksju01,OKC,2021,44,SF,203,220,3
jeromty01,OKC,2021,16,SG,196,195,1
maledth01,OKC,2021,11,PG,193,175,0
milleda01,OKC,2021,12,SF,198,225,5
muscami01,OKC,2021,33,C,208,240,7
mykhasv01,OKC,2021,14,SF,201,205,2
pokusal01,OKC,2021,17,PF,213,210,0
robinju01,OKC,2021,3,PG,185,195,1
robyis01,OKC,2021,22,PF,198,230,1
willike04,OKC,2021,34,PF,201,210,2
augusdj01,HOU,2021,14,PG,180,183,12
bradlav01,HOU,2021,9,SG,190,180,10
brookar01,HOU,2021,7,SG,190,195,0
brownst02,HOU,2021,0,SG,196,219,3
cabocbr01,HOU,2021,5,PF,206,218,6
couside01,HOU,2021,15,C,208,270,9
gordoer01,HOU,2021,10,SG,190,215,12
hardeja01,HOU,2021,13,PG,196,220,11
houseda01,HOU,2021,4,SF,198,220,4
jeffrda01,HOU,2021,55,SG,196,222,1
jonesma05,HOU,2021,9,SG,193,200,0
kurucro01,HOU,2021,00,SF,206,228,2
lamban01,HOU,2021,33,SF,198,227,0
martike04,HOU,2021,6,SF,198,215,0
mclembe01,HOU,2021,16,SG,190,195,7
nwabada01,HOU,2021,2,SF,196,219,4
oladivi01,HOU,2021,7,SG,190,213,7
oliveca01,HOU,2021,25,SF,203,225,0
olynyke01,HOU,2021,41,PF,213,240,7
pattoju01,HOU,2021,26,C,211,241,3
porteke02,HOU,2021,3,SG,196,203,1
reynoca01,HOU,2021,42,SF,201,225,1
spaldra01,HOU,2021,5,C,208,215,1
tateja01,HOU,2021,8,SF,193,230,0
thomabr01,HOU,2021,33,SG,196,185,0
thomakh01,HOU,2021,20,SG,190,210,2
tuckepj01,HOU,2021,17,PF,196,245,9
walljo01,HOU,2021,1,PG,190,210,9
wilsodj01,HOU,2021,00,PF,208,231,3
woodch01,HOU,2021,35,C,203,214,4
adebaba01,MIA,2022,13,C,206,255,4
butleji01,MIA,2022,22,SF,198,230,10
dedmode01,MIA,2022,21,C,208,245,8
garrema01,MIA,2022,0,SG,196,205,0
guyky01,MIA,2022,5,SG,185,167,2
hasleud01,MIA,2022,40,C,203,235,18
herroty01,MIA,2022,14,SG,196,195,2
highsha01,MIA,2022,24,SF,196,220,1
lowryky01,MIA,2022,7,PG,183,196,15
martica02,MIA,2022,16,SF,196,205,2
morrima02,MIA,2022,8,PF,206,245,10
muldemy01,MIA,2022,12,PG,190,195,2
okpalkz01,MIA,2022,11,PF,203,215,2
oladivi01,MIA,2022,4,SG,190,213,8
robindu01,MIA,2022,55,SG,201,215,3
silvach01,MIA,2022,30,PF,203,234,2
smartja01,MIA,2022,15,PG,193,205,0
stausni01,MIA,2022,9,SG,198,205,5
strusma01,MIA,2022,31,SF,196,215,2
tuckepj01,MIA,2022,17,PF,196,245,10
vincega01,MIA,2022,2,PG,188,200,2
yurtsom01,MIA,2022,77,C,211,275,0
brownja02,BOS,2022,7,SF,198,223,5
fernabr01,BOS,2022,28,C,206,240,2
fittsma01,BOS,2022,8,PF,196,230,1
kanteen01,BOS,2022,13,C,208,250,10
hausesa01,BOS,2022,30,SF,201,217,0
hernaju01,BOS,2022,41,PF,206,214,5
horfoal01,BOS,2022,42,C,203,240,14
jacksju01,BOS,2022,43,SF,203,220,4
johnsjo02,BOS,2022,55,SG,201,240,17
kornelu01,BOS,2022,40,C,216,250,4
langfro01,BOS,2022,9,SG,196,216,2
martike03,BOS,2022,4,SF,196,230,2
milescj01,BOS,2022,50,SG,198,220,15
morgaju01,BOS,2022,4,PF,201,232,2
nesmiaa01,BOS,2022,26,SF,196,215,1
parkeja01,BOS,2022,20,PF,201,245,7
pritcpa01,BOS,2022,11,PG,185,195,1
richajo01,BOS,2022,8,SG,196,200,6
ryanma01,BOS,2022,37,SF,198,215,0
schrode01,BOS,2022,71,PG,185,175,8
smartma01,BOS,2022,36,PG,190,220,7
stausni01,BOS,2022,13,SG,198,205,5
tatumja01,BOS,2022,0,SF,203,210,4
theisda01,BOS,2022,27,C,203,245,4
thomabr01,BOS,2022,97,SG,196,185,1
whitede01,BOS,2022,9,SG,193,190,4
willigr01,BOS,2022,12,PF,201,236,2
williro04,BOS,2022,44,C,206,249,3
allengr01,MIL,2022,7,SG,190,198,3
antetgi01,MIL,2022,34,PF,211,243,8
antetth01,MIL,2022,43,SF,201,219,3
bembrde01,MIL,2022,95,SF,196,210,5
carteje01,MIL,2022,5,PG,183,200,3
connapa01,MIL,2022,24,SF,196,209,6
couside01,MIL,2022,15,C,208,270,10
delauja01,MIL,2022,12,C,208,237,0
divindo01,MIL,2022,0,SG,193,203,3
dowtije01,MIL,2022,15,PG,190,177,0
gallola01,MIL,2022,12,SG,185,200,7
hillge01,MIL,2022,3,PG,193,188,13
holidjr01,MIL,2022,21,PG,193,220,12
hoodro01,MIL,2022,5,PF,203,208,7
ibakase01,MIL,2022,25,C,211,235,12
kalaige01,MIL,2022,18,SF,203,192,0
kornelu01,MIL,2022,35,C,216,250,4
lopezbr01,MIL,2022,11,C,216,282,13
mamuksa01,MIL,2022,54,PF,206,240,0
matthwe02,MIL,2022,23,SG,196,220,12
middlkh01,MIL,2022,22,SF,201,222,9
monrogr01,MIL,2022,15,C,211,265,9
nworajo01,MIL,2022,13,SF,203,225,1
ojelese01,MIL,2022,37,PF,198,240,4
portibo01,MIL,2022,9,C,206,250,6
robinju01,MIL,2022,55,PG,185,195,2
smartja01,MIL,2022,6,PG,193,205,0
tuckera01,MIL,2022,59,SG,190,209,2
vildolu01,MIL,2022,6,PG,190,190,0
wiggili01,MIL,2022,28,PG,185,189,0
bassech01,PHI,2022,23,C,208,230,0
brownch02,PHI,2022,16,SG,198,199,2
caulewi01,PHI,2022,00,C,213,240,6
curryse01,PHI,2022,31,SG,185,185,7
drumman01,PHI,2022,1,C,211,279,9
embiijo01,PHI,2022,21,C,213,280,5
greenda02,PHI,2022,14,SF,198,215,12
hardeja01,PHI,2022,1,PG,196,220,12
harrito02,PHI,2022,12,PF,203,226,10
henryaa01,PHI,2022,50,SF,196,210,0
joeis01,PHI,2022,7,SG,193,165,1
johnsty01,PHI,2022,8,PG,190,186,7
jordade01,PHI,2022,9,C,211,265,13
keybr01,PHI,2022,17,SF,201,225,0
korkmfu01,PHI,2022,30,SG,201,202,4
maxeyty01,PHI,2022,0,PG,188,200,1
millspa01,PHI,2022,8,C,201,257,15
miltosh01,PHI,2022,18,SG,196,205,3
niangge01,PHI,2022,20,PF,198,230,5
powelmy01,PHI,2022,5,PG,188,195,0
reedpa01,PHI,2022,44,C,206,210,1
sprinja01,PHI,2022,11,SG,193,202,0
thybuma01,PHI,2022,22,SG,196,202,2
achiupr01,TOR,2022,5,C,203,243,1
anunoog01,TOR,2022,3,SF,201,240,4
bantoda01,TOR,2022,45,PG,203,203,0
barnesc01,TOR,2022,4,PF,203,237,0
birchkh01,TOR,2022,24,C,203,233,4
bongais01,TOR,2022,17,SF,203,180,3
bouchch01,TOR,2022,25,SF,203,200,4
brookar01,TOR,2022,1,PG,190,195,1
champju01,TOR,2022,11,SF,198,206,0
dekkesa01,TOR,2022,8,PF,206,230,4
dragigo01,TOR,2022,1,PG,193,190,13
flynnma01,TOR,2022,22,PG,185,185,1
johnsda08,TOR,2022,13,SG,193,203,0
morgaju01,TOR,2022,16,PF,201,232,2
mykhasv01,TOR,2022,14,SF,201,205,3
oturuda01,TOR,2022,20,C,208,240,1
siakapa01,TOR,2022,43,PF,203,245,5
trentga02,TOR,2022,33,SG,196,204,3
vanvlfr01,TOR,2022,23,PG,183,197,5
watanyu01,TOR,2022,18,SF,206,215,3
watertr01,TOR,2022,51,PG,178,175,2
wilsodj01,TOR,2022,9,PF,208,231,4
youngth01,TOR,2022,21,PF,203,225,14
balllo01,CHI,2022,2,PG,196,190,4
belljo01,CHI,2022,20,C,203,216,4
bradlto01,CHI,2022,13,C,208,248,4
browntr01,CHI,2022,7,SF,201,215,3
carusal01,CHI,2022,6,SG,196,186,4
cookty01,CHI,2022,25,PF,203,255,2
derozde01,CHI,2022,11,PF,198,220,12
dosunay01,CHI,2022,12,SG,193,200,0
dotsode01,CHI,2022,3,PG,185,185,1
greenja02,CHI,2022,24,SF,196,205,2
hillma01,CHI,2022,14,SF,198,220,0
johnsal02,CHI,2022,22,PF,206,212,3
jonesde02,CHI,2022,5,PF,198,210,5
lavinza01,CHI,2022,8,SG,196,200,7
mccluma01,CHI,2022,00,PG,188,185,0
mckinal01,CHI,2022,28,SF,201,215,4
simonma01,CHI,2022,19,C,213,220,0
thomama02,CHI,2022,21,SG,190,190,2
thomptr01,CHI,2022,3,C,206,254,10
vucevni01,CHI,2022,9,C,206,260,10
whiteco01,CHI,2022,0,PG,193,195,2
willipa01,CHI,2022,44,PF,198,215,1
aldrila01,BRK,2022,21,C,211,250,15
bembrde01,BRK,2022,95,SF,196,210,5
brownbr01,BRK,2022,1,SF,193,202,3
carteje01,BRK,2022,0,PG,183,200,3
claxtni01,BRK,2022,33,C,211,215,2
curryse01,BRK,2022,30,SG,185,185,7
dragigo01,BRK,2022,9,PG,193,190,13
drumman01,BRK,2022,"0, 4",C,211,279,9
dukeda01,BRK,2022,6,PG,193,204,0
duranke01,BRK,2022,7,PF,211,240,13
edwarke02,BRK,2022,14,SF,203,203,0
ennisja01,BRK,2022,10,SF,198,215,7
gabriwe01,BRK,2022,34,PF,206,205,2
gallola01,BRK,2022,9,SG,185,200,7
griffbl01,BRK,2022,2,C,206,250,11
hardeja01,BRK,2022,13,PG,196,220,12
harrijo01,BRK,2022,12,SF,198,220,7
harrish01,BRK,2022,4,SG,193,195,4
irvinky01,BRK,2022,11,PG,188,195,10
johnsja01,BRK,2022,16,PF,201,240,12
millspa02,BRK,2022,8,SG,188,180,12
millspa01,BRK,2022,31,C,201,257,15
sharpda01,BRK,2022,20,PF,208,265,0
thomaca02,BRK,2022,24,SG,190,210,0
allenja01,CLE,2022,31,C,206,243,4
anderju01,CLE,2022,1,SF,198,230,5
brownmo01,CLE,2022,6,C,218,258,2
davised01,CLE,2022,21,C,206,218,11
fallta01,CLE,2022,99,C,229,311,2
fraziti01,CLE,2022,12,PG,185,170,7
garlada01,CLE,2022,10,PG,185,192,2
goodwbr01,CLE,2022,"00, 26",PG,183,180,3
kornelu01,CLE,2022,12,C,216,250,4
leverca01,CLE,2022,3,SG,201,205,5
loveke01,CLE,2022,0,C,208,251,13
markkla01,CLE,2022,24,SF,216,240,4
mobleev01,CLE,2022,4,PF,211,215,0
nembhrj01,CLE,2022,5,SG,196,200,0
newmama01,CLE,2022,14,PG,190,190,1
okorois01,CLE,2022,35,SF,193,225,1
osmande01,CLE,2022,16,SF,201,230,4
pangoke01,CLE,2022,6,PG,185,179,0
rondora01,CLE,2022,1,PG,185,180,15
rubiori01,CLE,2022,3,PG,188,190,10
scotttr01,CLE,2022,15,SF,203,225,0
sextoco01,CLE,2022,2,SG,190,190,3
stevela01,CLE,2022,8,PF,201,230,1
valende01,CLE,2022,45,SG,193,220,4
wadede01,CLE,2022,32,PF,206,228,2
windldy01,CLE,2022,9,SF,201,196,1
barbeca01,ATL,2022,5,PG,188,180,0
bogdabo01,ATL,2022,13,SG,196,225,4
brownch05,ATL,2022,45,SG,196,215,0
capelca01,ATL,2022,15,C,208,256,7
collijo01,ATL,2022,20,PF,206,226,4
coopesh01,ATL,2022,2,PG,183,176,0
dienggo01,ATL,2022,10,C,208,252,8
gallida01,ATL,2022,8,PF,208,236,12
hillma01,ATL,2022,14,SG,198,220,0
hillso01,ATL,2022,18,SF,198,226,8
huertke01,ATL,2022,3,SF,198,198,3
huntede01,ATL,2022,12,SF,201,221,2
iwundwe01,ATL,2022,24,SF,198,195,4
johnsja05,ATL,2022,1,PF,203,219,0
knoxke01,ATL,2022,5,SF,203,215,3
luwawti01,ATL,2022,7,SF,201,210,5
mayssk01,ATL,2022,4,SG,193,205,1
okongon01,ATL,2022,17,C,208,240,1
oliveca01,ATL,2022,49,SF,203,225,1
reddica01,ATL,2022,22,SF,201,230,2
stephla01,ATL,2022,33,SG,198,230,9
willilo02,ATL,2022,6,PG,188,175,16
wrighde01,ATL,2022,0,SG,193,185,6
youngtr01,ATL,2022,11,PG,188,164,3
ballla01,CHO,2022,2,PG,201,180,1
bouknja01,CHO,2022,5,SG,193,190,0
bridgmi02,CHO,2022,0,PF,201,225,3
careyve01,CHO,2022,22,C,208,270,1
harremo01,CHO,2022,8,C,201,240,6
haywago01,CHO,2022,20,SF,201,225,11
joneska01,CHO,2022,23,C,211,221,0
kulboar01,CHO,2022,98,SF,208,220,0
lewissc01,CHO,2022,16,SG,193,188,0
martico01,CHO,2022,11,SF,198,205,2
mcdanja01,CHO,2022,6,SF,206,205,2
oubreke01,CHO,2022,12,SF,203,203,6
plumlma01,CHO,2022,24,C,213,254,8
richani01,CHO,2022,14,C,211,245,1
roziete01,CHO,2022,3,SG,185,190,6
smithis01,CHO,2022,10,PG,183,175,11
thomais02,CHO,2022,4,PG,175,185,10
thorjt01,CHO,2022,21,PF,206,203,0
washipj01,CHO,2022,25,C,201,230,2
arcidry01,NYK,2022,51,PG,190,195,4
barrerj01,NYK,2022,9,SF,198,214,2
burksal01,NYK,2022,18,SG,196,214,10
dotsoda01,NYK,2022,21,SG,196,210,4
fournev01,NYK,2022,13,SG,198,205,9
gibsota01,NYK,2022,67,C,206,232,12
grimequ01,NYK,2022,6,SG,193,210,0
hallty01,NYK,2022,16,SG,196,210,0
houseda01,NYK,2022,44,SF,198,220,5
huntfe01,NYK,2022,16,SF,203,195,0
knoxke01,NYK,2022,20,SF,203,215,3
mcbrimi01,NYK,2022,2,PG,188,195,0
moonema01,NYK,2022,31,SG,190,199,1
noelne01,NYK,2022,3,C,208,220,7
quickim01,NYK,2022,5,PG,188,190,1
randlju01,NYK,2022,30,PF,206,250,7
reddica01,NYK,2022,21,SF,201,230,2
robinmi01,NYK,2022,23,C,213,240,3
rosede01,NYK,2022,4,PG,190,200,12
seldewa01,NYK,2022,11,SG,193,232,3
simsje01,NYK,2022,45,PF,208,250,0
toppiob01,NYK,2022,1,PF,206,220,1
walkeke02,NYK,2022,8,PG,183,184,10
avdijde01,WAS,2022,9,SF,203,228,1
ayayijo01,WAS,2022,17,SG,193,180,0
bealbr01,WAS,2022,3,SG,193,207,9
bertada01,WAS,2022,42,PF,208,225,5
bryanth01,WAS,2022,13,C,206,248,4
caldwke01,WAS,2022,1,SG,196,204,8
careyve01,WAS,2022,22,C,208,270,1
dinwisp01,WAS,2022,26,PG,196,215,7
echenja01,WAS,2022,12,C,211,258,0
gaffoda01,WAS,2022,21,C,208,265,2
gillan01,WAS,2022,16,PF,201,230,1
goodwjo01,WAS,2022,7,SG,190,215,0
hachiru01,WAS,2022,8,PF,203,230,2
harremo01,WAS,2022,6,C,201,240,6
holidaa01,WAS,2022,4,PG,183,185,3
johnsal02,WAS,2022,27,PF,206,212,3
kispeco01,WAS,2022,24,SF,198,224,0
kuzmaky01,WAS,2022,33,PF,203,221,4
monrogr01,WAS,2022,55,C,211,265,9
netora01,WAS,2022,19,PG,188,180,6
porzikr01,WAS,2022,6,PF,218,240,5
satorto01,WAS,2022,31,PG,201,210,5
schakjo01,WAS,2022,20,SG,198,200,0
smithis01,WAS,2022,4,PG,183,175,11
swordcr01,WAS,2022,32,SG,190,196,0
toddis01,WAS,2022,14,PF,206,219,0
wanambr01,WAS,2022,22,PG,190,210,3
watertr01,WAS,2022,51,PG,178,175,2
winstca01,WAS,2022,5,PG,185,185,1
anderju01,IND,2022,10,SF,198,230,5
bitadgo01,IND,2022,88,C,211,250,2
brissos01,IND,2022,12,SF,201,210,2
brogdma01,IND,2022,7,PG,193,229,5
caverah01,IND,2022,2,SG,188,174,0
craigto01,IND,2022,13,SF,196,221,4
duartch01,IND,2022,3,SG,196,190,0
halibty01,IND,2022,0,PG,196,185,1
hieldbu01,IND,2022,24,SG,193,220,5
hintona01,IND,2022,14,SG,196,210,1
holidju01,IND,2022,8,SF,198,180,8
jacksis01,IND,2022,23,C,203,205,0
jarrede01,IND,2022,17,SG,196,185,0
lambje01,IND,2022,26,SF,196,180,9
leverca01,IND,2022,22,SG,201,205,5
martike03,IND,2022,21,SF,196,230,2
mccontj01,IND,2022,9,PG,185,190,6
perryre01,IND,2022,0,PF,203,250,1
sabondo01,IND,2022,11,PF,208,240,5
smithja04,IND,2022,25,PF,203,215,1
stephla01,IND,2022,6,PG,198,230,9
sykeske01,IND,2022,28,PG,180,167,0
taylote01,IND,2022,32,PF,196,230,0
thomptr01,IND,2022,11,C,206,254,10
turnemy01,IND,2022,33,C,211,250,6
wanambr01,IND,2022,10,PG,190,210,3
washidu02,IND,2022,4,PG,188,197,0
yorkga01,IND,2022,8,SG,190,185,0
baglema01,DET,2022,35,PF,208,235,3
beysa01,DET,2022,41,SF,203,215,1
cunnica01,DET,2022,2,SG,198,220,0
diallch01,DET,2022,00,C,203,219,4
diallha01,DET,2022,6,SG,196,202,3
edwarca01,DET,2022,20,SG,180,200,2
garzalu01,DET,2022,55,C,208,243,0
grantje01,DET,2022,9,PF,201,213,7
hayeski01,DET,2022,7,PG,193,195,1
jacksfr01,DET,2022,5,PG,190,205,3
jacksjo02,DET,2022,20,SF,203,207,4
josepco01,DET,2022,18,PG,188,200,10
keybr01,DET,2022,8,SF,201,225,0
leesa01,DET,2022,38,PG,188,183,1
liveris01,DET,2022,12,SF,198,232,0
lylestr01,DET,2022,8,PF,206,234,6
mcgruro01,DET,2022,17,SG,193,205,5
olynyke01,DET,2022,13,C,213,240,8
paigeja01,DET,2022,42,PG,188,200,0
palmetr01,DET,2022,31,SG,198,200,0
pickeja01,DET,2022,24,PF,206,206,0
pottemi01,DET,2022,19,C,206,248,0
robinju01,DET,2022,34,PG,185,195,2
sirvyde01,DET,2022,91,SG,203,190,1
stanlca01,DET,2022,14,SG,196,190,1
stewais01,DET,2022,28,C,203,250,1
waltode01,DET,2022,25,PG,183,189,2
anthoco01,ORL,2022,50,PG,188,185,1
bambamo01,ORL,2022,5,C,213,231,3
brazdig01,ORL,2022,17,SF,198,221,2
cannade01,ORL,2022,30,PG,188,183,1
cartewe01,ORL,2022,34,PF,208,270,3
dowtije01,ORL,2022,11,PG,190,177,0
fordal03,ORL,2022,11,SF,203,220,0
fraziti01,ORL,2022,8,PG,185,170,7
fultzma01,ORL,2022,20,PG,193,209,4
gillefr01,ORL,2022,44,PF,206,245,1
graveha01,ORL,2022,12,PG,188,188,0
hamptrj01,ORL,2022,13,SG,193,175,1
harriga01,ORL,2022,14,SG,193,210,7
johnsbj01,ORL,2022,24,SF,201,200,2
lopezro01,ORL,2022,33,C,216,281,13
muldemy01,ORL,2022,2,PG,190,195,2
okekech01,ORL,2022,3,PF,201,229,1
rosste01,ORL,2022,31,SG,198,206,9
schofad01,ORL,2022,25,SF,196,241,1
suggsja01,ORL,2022,4,PG,196,205,0
wagnefr01,ORL,2022,22,SF,208,220,0
wagnemo01,ORL,2022,21,C,211,245,3
aytonde01,PHO,2022,22,C,213,252,3
basspa01,PHO,2022,30,SF,203,200,0
biyombi01,PHO,2022,18,C,203,255,10
bookede01,PHO,2022,1,SG,196,206,6
bridgmi01,PHO,2022,25,SF,198,209,3
craigto01,PHO,2022,0,SF,196,221,4
crowdja01,PHO,2022,99,PF,198,235,9
holidaa01,PHO,2022,4,PG,183,185,3
hutchch01,PHO,2022,35,SF,198,210,3
jacksju01,PHO,2022,45,SF,203,220,4
johnsca02,PHO,2022,23,PF,203,210,2
kaminfr01,PHO,2022,8,C,213,240,6
lundbga01,PHO,2022,19,SG,193,203,0
mcgeeja01,PHO,2022,00,C,213,270,13
naderab01,PHO,2022,11,SF,196,225,4
paulch01,PHO,2022,3,PG,183,175,16
payneca01,PHO,2022,15,PG,188,183,6
paytoel01,PHO,2022,2,PG,190,195,7
shamela01,PHO,2022,14,SG,196,190,3
smithja04,PHO,2022,10,PF,203,215,1
terryem01,PHO,2022,26,PF,206,220,1
wainris01,PHO,2022,12,PF,196,250,0
walkemj01,PHO,2022,21,SG,196,213,0
adamsst01,MEM,2022,4,C,211,265,8
aldamsa01,MEM,2022,7,PF,213,215,0
anderky01,MEM,2022,1,PF,203,230,7
banede01,MEM,2022,22,SG,198,215,1
brookdi01,MEM,2022,24,SF,201,225,4
buchash01,MEM,2022,6,SG,190,190,0
clarkbr01,MEM,2022,15,PF,203,215,2
culveja01,MEM,2022,23,SG,198,195,2
jacksja02,MEM,2022,13,PF,208,242,3
jeffrda01,MEM,2022,55,SG,196,222,2
jonesty01,MEM,2022,21,PG,183,196,6
konchjo01,MEM,2022,46,SG,196,210,2
mathida01,MEM,2022,31,SG,193,200,1
meltode01,MEM,2022,0,SG,188,200,3
merrisa01,MEM,2022,25,SG,193,205,1
moranja01,MEM,2022,12,PG,188,174,2
ponsyv01,MEM,2022,5,SF,196,206,0
sneedxa01,MEM,2022,20,SF,196,215,0
terryty01,MEM,2022,3,PG,188,160,1
teskejo01,MEM,2022,10,C,216,265,0
tilliki02,MEM,2022,35,C,206,220,1
tillmxa01,MEM,2022,2,PF,203,245,1
willizi02,MEM,2022,8,SF,206,185,0
bjeline01,GSW,2022,8,C,208,234,6
chiozch01,GSW,2022,2,PG,180,179,3
curryst01,GSW,2022,30,PG,188,185,12
dowtije01,GSW,2022,21,PG,190,177,0
greendr01,GSW,2022,23,PF,198,230,9
iguodan01,GSW,2022,9,SF,198,215,17
kuminjo01,GSW,2022,00,SF,201,225,0
leeda03,GSW,2022,1,SG,198,210,4
looneke01,GSW,2022,5,C,206,222,6
moodymo01,GSW,2022,4,SG,196,211,0
paytoga02,GSW,2022,0,SG,188,195,5
poolejo01,GSW,2022,3,SG,193,194,2
porteot01,GSW,2022,32,PF,203,198,8
thompkl01,GSW,2022,11,SG,196,220,8
toscaju01,GSW,2022,95,SF,198,209,2
weathqu01,GSW,2022,12,SG,190,207,2
wiggian01,GSW,2022,22,SF,198,197,7
bertada01,DAL,2022,44,PF,208,225,5
brownch02,DAL,2022,44,SG,198,199,2
brownmo01,DAL,2022,9,C,218,258,2
brownst02,DAL,2022,0,SG,196,219,4
brunsja01,DAL,2022,13,SG,188,190,3
bullore01,DAL,2022,25,SF,198,205,8
burketr01,DAL,2022,3,PG,183,185,8
caulewi01,DAL,2022,33,C,213,240,6
chrisma01,DAL,2022,32,PF,206,240,5
dinwisp01,DAL,2022,26,PG,196,215,7
doncilu01,DAL,2022,77,PG,203,230,3
finnedo01,DAL,2022,10,PF,201,220,5
greenjo02,DAL,2022,8,SG,198,200,1
hardati02,DAL,2022,11,SG,196,205,8
jonesca03,DAL,2022,23,PG,183,174,0
kingge03,DAL,2022,94,SF,198,220,1
klebima01,DAL,2022,42,PF,208,240,4
knighbr03,DAL,2022,20,PG,188,182,8
marjabo01,DAL,2022,51,C,224,290,6
mclauja01,DAL,2022,30,PG,193,190,0
ntilila01,DAL,2022,21,SG,193,200,4
omorueu01,DAL,2022,2,SF,198,235,0
pinsoth01,DAL,2022,1,SF,196,212,3
porzikr01,DAL,2022,6,PF,218,240,5
poweldw01,DAL,2022,7,C,208,240,7
thomais02,DAL,2022,2,PG,175,185,10
wrighmo01,DAL,2022,5,PF,203,226,0
alexani01,UTA,2022,6,SG,196,205,2
azubuud01,UTA,2022,20,C,211,270,1
bogdabo02,UTA,2022,44,PF,201,226,7
butleja02,UTA,2022,13,SG,190,193,0
cheatzy01,UTA,2022,6,SF,196,220,1
clarkjo01,UTA,2022,00,SG,196,194,7
conlemi01,UTA,2022,11,PG,185,175,14
fittsma01,UTA,2022,24,PF,196,230,1
forretr01,UTA,2022,3,PG,193,210,1
gayru01,UTA,2022,8,PF,203,250,15
goberru01,UTA,2022,27,C,216,258,8
hernaju01,UTA,2022,41,PF,206,214,5
houseda01,UTA,2022,25,SF,198,220,5
hugheel01,UTA,2022,33,SF,196,215,1
inglejo01,UTA,2022,2,SF,203,220,7
mitchdo01,UTA,2022,45,SG,188,215,4
monrogr01,UTA,2022,10,C,211,265,9
onealro01,UTA,2022,23,SF,198,226,4
onimi01,UTA,2022,81,SG,196,206,2
pascher01,UTA,2022,0,PF,198,255,2
pelleno01,UTA,2022,5,C,208,231,2
sneedxa01,UTA,2022,19,SF,196,215,0
valende01,UTA,2022,15,SG,193,220,4
whiteha01,UTA,2022,21,C,213,265,9
bartowi01,DEN,2022,5,SG,196,181,9
bolbo01,DEN,2022,10,PF,221,220,2
campafa01,DEN,2022,7,PG,178,195,1
cancavl01,DEN,2022,31,PF,203,236,2
cornepe01,DEN,2022,21,PF,211,220,0
couside01,DEN,2022,4,C,208,270,10
doziepj01,DEN,2022,35,SG,198,212,4
ennisja01,DEN,2022,10,SF,198,215,7
forbebr01,DEN,2022,6,SG,188,205,5
gordoaa01,DEN,2022,50,PF,203,235,7
greenja01,DEN,2022,0,PF,206,227,7
greenje02,DEN,2022,32,PF,203,235,13
howarma02,DEN,2022,00,SG,178,175,1
hylanbo01,DEN,2022,3,SG,188,169,0
jokicni01,DEN,2022,15,C,211,284,6
jonesca03,DEN,2022,23,PG,183,174,0
morrimo01,DEN,2022,11,PG,188,183,4
nnajize01,DEN,2022,22,PF,208,240,1
portemi01,DEN,2022,1,SF,208,218,2
reedda01,DEN,2022,9,SG,196,206,2
riverau01,DEN,2022,25,SG,193,200,9
tuckera01,DEN,2022,6,SG,190,209,2
beaslma01,MIN,2022,5,SG,193,187,5
beverpa01,MIN,2022,22,PG,188,180,9
bolmale01,MIN,2022,9,SF,198,200,0
edwaran01,MIN,2022,1,SG,193,225,1
knighna01,MIN,2022,13,PF,203,253,1
laymaja01,MIN,2022,10,SF,203,209,5
mcdanja02,MIN,2022,3,PF,206,185,1
mclaujo01,MIN,2022,6,PG,180,185,2
monrogr01,MIN,2022,55,C,211,265,9
nowelja01,MIN,2022,4,SG,193,201,2
okogijo01,MIN,2022,20,SG,193,213,3
princta02,MIN,2022,12,PF,198,218,5
reidna01,MIN,2022,11,C,206,264,2
russeda01,MIN,2022,0,PG,190,193,6
silvach01,MIN,2022,30,PF,203,234,2
townska01,MIN,2022,32,C,213,248,6
vandeja01,MIN,2022,8,PF,203,214,3
wrighmc01,MIN,2022,25,PG,180,192,0
batumni01,LAC,2022,33,PF,201,230,13
bledser01,LAC,2022,12,PG,185,214,11
bostobr01,LAC,2022,4,SG,198,188,0
coffeam01,LAC,2022,7,SG,201,210,2
covinro01,LAC,2022,23,PF,201,209,8
ennisja01,LAC,2022,10,SF,198,215,7
gabriwe01,LAC,2022,35,PF,206,205,2
georgpa01,LAC,2022,13,PF,203,220,11
harteis01,LAC,2022,55,C,213,250,3
hoodro01,LAC,2022,22,SF,203,208,7
ibakase01,LAC,2022,9,C,211,235,12
jacksre01,LAC,2022,1,SG,188,208,10
johnske07,LAC,2022,45,SG,196,185,0
kennalu01,LAC,2022,5,SG,196,206,4
mannte01,LAC,2022,14,SF,198,215,2
moonxa01,LAC,2022,15,SG,183,165,0
morrima03,LAC,2022,8,PF,203,218,10
ojelese01,LAC,2022,37,PF,198,240,4
powelno01,LAC,2022,24,SG,190,215,6
scrubja01,LAC,2022,0,SG,196,220,1
winslju01,LAC,2022,20,PF,198,222,6
wrighmo01,LAC,2022,11,PF,203,226,0
zubaciv01,LAC,2022,40,C,213,240,5
alexani01,NOP,2022,6,SG,196,205,2
alvarjo01,NOP,2022,15,PG,183,179,0
clarkga01,NOP,2022,12,PF,198,225,3
grahade01,NOP,2022,4,PG,185,195,3
harpeja01,NOP,2022,2,PG,178,175,2
hartjo01,NOP,2022,3,SG,196,215,4
hayesja02,NOP,2022,10,C,213,220,2
hernawi01,NOP,2022,9,C,211,250,5
ingrabr01,NOP,2022,14,SF,203,190,5
johnsal02,NOP,2022,24,PF,206,212,3
joneshe01,NOP,2022,5,PF,201,206,0
lewiski01,NOP,2022,13,PG,185,170,1
louzama01,NOP,2022,0,SF,196,188,1
marshna01,NOP,2022,8,SF,198,220,1
mccolcj01,NOP,2022,3,PG,190,190,8
murphtr02,NOP,2022,25,SF,203,206,0
nancela02,NOP,2022,22,PF,198,245,6
satorto01,NOP,2022,31,SG,201,210,5
snellto01,NOP,2022,21,SG,198,213,8
templga01,NOP,2022,41,SG,196,195,11
valanjo01,NOP,2022,17,C,211,265,9
wallaty01,NOP,2022,6,SG,196,198,3
bateske01,SAS,2022,31,SF,203,229,3
cacokde01,SAS,2022,18,PF,201,240,2
colliza01,SAS,2022,23,C,206,250,3
eubandr01,SAS,2022,14,C,208,245,3
forbebr01,SAS,2022,7,SG,188,205,5
hernaju01,SAS,2022,41,PF,206,214,5
johnske04,SAS,2022,3,SF,198,220,2
johnsty01,SAS,2022,28,PG,190,186,7
jonestr01,SAS,2022,33,PG,185,185,1
lamban01,SAS,2022,35,SF,198,227,1
landajo01,SAS,2022,34,C,211,255,0
langfro01,SAS,2022,35,SG,196,216,2
mcderdo01,SAS,2022,17,PF,201,225,7
morrija01,SAS,2022,16,SG,196,185,2
murrade01,SAS,2022,5,PG,193,180,4
poeltja01,SAS,2022,25,C,213,253,5
primojo01,SAS,2022,11,SF,193,189,0
richajo01,SAS,2022,7,SG,196,200,6
satorto01,SAS,2022,45,SF,201,210,5
vassede01,SAS,2022,24,SF,196,200,1
walkelo01,SAS,2022,1,SG,193,204,3
whitede01,SAS,2022,4,SG,193,190,4
wieskjo01,SAS,2022,15,SG,198,205,0
youngth01,SAS,2022,30,PF,203,225,14
anthoca01,LAL,2022,7,PF,201,238,18
arizatr01,LAL,2022,1,SF,203,215,17
augusdj01,LAL,2022,4,PG,180,183,13
bazemke01,LAL,2022,9,SF,193,195,9
bradlav01,LAL,2022,20,SG,190,180,11
brownch05,LAL,2022,38,SF,196,215,0
collida01,LAL,2022,21,PG,183,175,10
davisan02,LAL,2022,3,C,208,253,9
doumbse01,LAL,2022,45,PF,203,230,2
ellinwa01,LAL,2022,2,SG,193,207,12
gabriwe01,LAL,2022,35,PF,206,205,2
hortota01,LAL,2022,5,SG,193,234,2
howardw01,LAL,2022,39,C,208,265,17
huffja01,LAL,2022,30,C,216,240,0
jamesle01,LAL,2022,6,C,206,250,18
johnsst04,LAL,2022,14,PF,198,242,6
jonesje01,LAL,2022,50,SF,196,174,1
jonesma05,LAL,2022,40,SG,193,200,1
jordade01,LAL,2022,10,C,211,265,13
mccluma01,LAL,2022,37,SG,188,185,0
monkma01,LAL,2022,11,SG,190,200,4
reaveau01,LAL,2022,15,SG,196,197,0
rondora01,LAL,2022,4,PG,185,180,15
thomais02,LAL,2022,31,PG,175,185,10
westbru01,LAL,2022,0,PG,193,200,13
baglema01,SAC,2022,35,PF,208,235,3
barneha02,SAC,2022,40,PF,201,225,9
daviste02,SAC,2022,3,SG,193,201,2
divindo01,SAC,2022,0,SG,193,203,3
foxde01,SAC,2022,5,PG,190,185,4
halibty01,SAC,2022,0,SG,196,185,1
harklma01,SAC,2022,8,SF,201,220,9
hieldbu01,SAC,2022,24,SG,193,220,5
holidju01,SAC,2022,9,SG,198,180,8
holmeri01,SAC,2022,22,C,206,235,6
jacksjo02,SAC,2022,55,SF,203,207,4
jonesda03,SAC,2022,30,C,208,245,5
kinglo02,SAC,2022,23,SF,201,205,2
lambje01,SAC,2022,26,SG,196,180,9
lenal01,SAC,2022,25,C,213,250,8
lylestr01,SAC,2022,41,PF,206,234,6
metuch01,SAC,2022,7,C,208,225,3
mitchda01,SAC,2022,15,PG,183,202,0
mudiaem01,SAC,2022,10,PG,190,200,5
murkead01,SAC,2022,31,SG,196,200,0
quetane01,SAC,2022,88,C,213,248,0
ramseja01,SAC,2022,20,SG,190,190,1
robinju01,SAC,2022,9,PG,185,195,2
sabondo01,SAC,2022,10,PF,208,240,5
thomptr01,SAC,2022,13,C,206,254,10
woodaro01,SAC,2022,17,SF,198,235,1
blevike01,POR,2022,21,SF,193,200,1
browngr01,POR,2022,4,SF,201,206,0
covinro01,POR,2022,33,PF,201,209,8
cumbeja01,POR,2022,34,SG,196,205,0
dunnkr01,POR,2022,18,PG,190,205,5
ellebcj01,POR,2022,16,SF,198,200,1
eubandr01,POR,2022,24,C,208,245,3
hartjo01,POR,2022,11,SG,196,215,4
hugheel01,POR,2022,19,SG,196,215,1
johnske07,POR,2022,6,SG,196,185,0
lillada01,POR,2022,0,PG,188,200,9
littlna01,POR,2022,9,SF,198,220,2
louzama01,POR,2022,35,SG,196,188,1
mccolcj01,POR,2022,3,SG,190,190,8
mcgrica01,POR,2022,8,SF,201,220,0
mclembe01,POR,2022,23,SG,190,195,8
nancela02,POR,2022,11,C,198,245,6
nurkiju01,POR,2022,27,C,211,290,7
perryre01,POR,2022,"10, 18",PF,203,250,1
powelno01,POR,2022,24,SF,190,215,6
simonan01,POR,2022,1,SG,190,200,3
smithde03,POR,2022,10,PG,188,205,4
snellto01,POR,2022,17,SG,198,213,8
watfotr01,POR,2022,2,SF,203,237,0
willibr03,POR,2022,"5, 8",PG,185,190,0
winslju01,POR,2022,26,PF,198,222,6
zelleco01,POR,2022,40,C,211,240,8
bazleda01,OKC,2022,7,PF,206,216,2
deckga01,OKC,2022,6,PF,198,231,1
diakima01,OKC,2022,12,PF,206,228,1
dortlu01,OKC,2022,5,SG,193,220,2
edwarro01,OKC,2022,25,SG,196,205,0
favorde01,OKC,2022,15,C,206,265,11
frazime01,OKC,2022,6,SG,198,210,2
giddejo01,OKC,2022,3,SF,201,216,0
gilgesh01,OKC,2022,2,PG,198,195,3
hoardja01,OKC,2022,14,SF,203,216,2
hopsosc01,OKC,2022,55,SG,201,215,2
jeromty01,OKC,2022,16,SG,196,195,2
kalaige01,OKC,2022,18,SF,203,192,0
krejcvi01,OKC,2022,27,SG,203,195,0
maledth01,OKC,2022,11,PG,193,175,1
manntr01,OKC,2022,23,PG,193,178,0
muscami01,OKC,2022,33,C,208,240,8
pokusal01,OKC,2022,17,PF,213,210,1
robinje02,OKC,2022,50,C,206,240,0
robyis01,OKC,2022,22,PF,198,230,2
sarrol01,OKC,2022,30,C,208,240,0
simpsza01,OKC,2022,9,PG,183,190,0
waterli01,OKC,2022,12,SG,196,210,0
watsopa01,OKC,2022,8,SF,198,210,2
wiggiaa01,OKC,2022,21,SG,196,190,0
willike04,OKC,2022,34,SF,201,210,3
augusdj01,HOU,2022,14,PG,180,183,13
brookar01,HOU,2022,7,SG,190,195,1
chrisjo01,HOU,2022,9,SG,193,215,0
fernabr01,HOU,2022,20,C,206,240,2
garubus01,HOU,2022,16,PF,203,229,0
gordoer01,HOU,2022,10,SG,190,215,13
greenja05,HOU,2022,0,SG,193,186,0
houseda01,HOU,2022,4,SF,198,220,5
martike04,HOU,2022,6,SF,198,215,1
mathega01,HOU,2022,25,SG,196,215,2
nixda01,HOU,2022,15,SG,190,226,0
nwabada01,HOU,2022,2,SF,196,219,5
porteke02,HOU,2022,3,PG,196,203,2
queentr01,HOU,2022,21,SG,196,190,0
schrode01,HOU,2022,17,PG,185,175,8
sengual01,HOU,2022,28,C,211,243,0
tateja01,HOU,2022,8,PF,193,230,1
theisda01,HOU,2022,27,C,203,245,4
woodch01,HOU,2022,35,C,203,214,5
allengr01,MIL,2023,12,SG,190,198,4
antetgi01,MIL,2023,34,PF,211,243,9
antetth01,MIL,2023,43,PF,201,219,4
beaucma01,MIL,2023,0,SF,201,199,0
carteje01,MIL,2023,5,PG,183,200,4
connapa01,MIL,2023,24,SF,196,209,7
crowdja01,MIL,2023,99,PF,198,235,10
dragigo01,MIL,2023,31,PG,193,190,14
greenaj01,MIL,2023,20,SG,193,190,0
hillge01,MIL,2023,3,PG,193,188,14
holidjr01,MIL,2023,21,PG,193,220,13
ibakase01,MIL,2023,25,C,211,235,13
inglejo01,MIL,2023,7,SF,203,220,8
leoname01,MIL,2023,3,C,213,260,9
lopezbr01,MIL,2023,11,C,216,282,14
mamuksa01,MIL,2023,54,C,206,240,1
matthwe02,MIL,2023,23,SF,196,220,13
middlkh01,MIL,2023,22,SF,201,222,10
nworajo01,MIL,2023,13,SF,203,225,2
portibo01,MIL,2023,9,PF,206,250,7
wiggili01,MIL,2023,28,PG,185,189,1
brogdma01,BOS,2023,13,PG,193,229,6
brownja02,BOS,2023,7,SF,198,223,6
champju01,BOS,2023,99,SF,198,206,1
davisjd01,BOS,2023,20,SG,185,195,0
griffbl01,BOS,2023,91,C,206,250,12
hausesa01,BOS,2023,30,SF,201,217,1
horfoal01,BOS,2023,42,C,203,240,15
jacksju01,BOS,2023,43,SF,203,220,5
kabenmf01,BOS,2023,28,PF,208,250,2
kornelu01,BOS,2023,40,C,216,250,5
muscami01,BOS,2023,57,C,208,240,9
pritcpa01,BOS,2023,11,PG,185,195,2
smartma01,BOS,2023,36,PG,190,220,8
tatumja01,BOS,2023,0,SF,203,210,5
vonleno01,BOS,2023,4,C,208,257,7
whitede01,BOS,2023,9,SG,193,190,5
willigr01,BOS,2023,12,PF,201,236,3
williro04,BOS,2023,44,C,206,249,4
champju02,PHI,2023,55,SF,201,217,0
dedmode01,PHI,2023,14,C,208,245,9
embiijo01,PHI,2023,21,C,213,280,6
fostemi02,PHI,2023,35,PF,203,250,0
hardeja01,PHI,2023,1,PG,196,220,13
harremo01,PHI,2023,5,C,201,240,7
harrito02,PHI,2023,12,SF,203,226,11
houseda01,PHI,2023,25,SF,198,220,6
kinglo02,PHI,2023,23,PF,201,205,3
korkmfu01,PHI,2023,30,SG,201,202,5
leesa01,PHI,2023,9,PG,188,183,2
maxeyty01,PHI,2023,0,SG,188,200,2
mccluma01,PHI,2023,9,SG,188,185,1
mcdanja01,PHI,2023,7,SF,206,205,3
meltode01,PHI,2023,8,SG,188,200,4
miltosh01,PHI,2023,18,SG,196,205,4
niangge01,PHI,2023,20,PF,198,230,6
reedpa01,PHI,2023,44,C,206,210,2
sprinja01,PHI,2023,11,SG,193,202,1
thybuma01,PHI,2023,22,SF,196,202,3
tuckepj01,PHI,2023,17,PF,196,245,11
allenja01,CLE,2023,31,C,206,243,5
diakima01,CLE,2023,21,C,206,228,2
garlada01,CLE,2023,10,PG,185,192,3
greenda02,CLE,2023,14,SG,198,215,13
leverca01,CLE,2023,3,SG,201,205,6
lopezro01,CLE,2023,33,C,216,281,14
loveke01,CLE,2023,0,PF,208,251,14
merrisa01,CLE,2023,5,SG,193,205,2
mitchdo01,CLE,2023,45,SG,188,215,5
mobleev01,CLE,2023,4,PF,211,215,1
mobleis01,CLE,2023,15,PF,203,238,0
netora01,CLE,2023,19,PG,188,180,7
okorois01,CLE,2023,35,SF,193,225,2
osmande01,CLE,2023,16,SF,201,230,5
rubiori01,CLE,2023,13,PG,188,190,11
stevela01,CLE,2023,8,SF,201,230,2
wadede01,CLE,2023,32,PF,206,228,3
windldy01,CLE,2023,9,SF,201,196,2
arcidry01,NYK,2023,51,PG,190,195,5
barrerj01,NYK,2023,9,SG,198,214,3
brunsja01,NYK,2023,11,PG,188,190,4
fournev01,NYK,2023,13,SG,198,205,10
grimequ01,NYK,2023,6,SG,193,210,1
hartjo01,NYK,2023,3,SF,196,215,5
harteis01,NYK,2023,55,C,213,250,4
jeffrda01,NYK,2023,8,SG,196,222,3
keelstr01,NYK,2023,"0, 3",SG,190,215,0
mcbrimi01,NYK,2023,2,PG,188,195,1
mykhasv01,NYK,2023,17,SF,201,205,4
quickim01,NYK,2023,5,SG,188,190,2
randlju01,NYK,2023,30,PF,206,250,8
reddica01,NYK,2023,0,SF,201,230,3
robinmi01,NYK,2023,23,C,213,240,4
rosede01,NYK,2023,4,PG,190,200,13
simsje01,NYK,2023,45,C,208,250,1
toppiob01,NYK,2023,1,PF,206,220,2
bridgmi01,BRK,2023,1,SG,198,209,4
brownmo01,BRK,2023,0,C,218,258,3
claxtni01,BRK,2023,33,C,211,215,3
curryse01,BRK,2023,30,SG,185,185,8
dinwisp01,BRK,2023,26,PG,196,215,8
dukeda01,BRK,2023,6,SG,193,204,1
duranke01,BRK,2023,7,PF,211,240,14
edwarke02,BRK,2023,14,SF,203,203,1
finnedo01,BRK,2023,28,PF,201,220,6
grayra01,BRK,2023,0,PF,201,260,0
harrijo01,BRK,2023,12,SF,198,220,8
irvinky01,BRK,2023,11,PG,188,195,11
johnsca02,BRK,2023,2,PF,203,210,3
millspa02,BRK,2023,8,PG,188,180,13
morrima02,BRK,2023,13,PF,206,245,11
noelne01,BRK,2023,0,C,208,220,8
onealro01,BRK,2023,00,SF,198,226,5
sharpda01,BRK,2023,20,C,208,265,1
simmobe01,BRK,2023,10,PG,208,240,4
smithdr01,BRK,2023,9,SG,188,203,0
sumneed01,BRK,2023,4,SG,193,190,4
thomaca02,BRK,2023,24,SG,190,210,1
warretj01,BRK,2023,1,PF,203,220,7
watanyu01,BRK,2023,18,SF,206,215,4
willial06,BRK,2023,31,SG,193,210,0
adebaba01,MIA,2023,13,C,206,255,5
bouyeja01,MIA,2023,11,PG,188,180,0
butleji01,MIA,2023,22,PF,198,230,11
cainja01,MIA,2023,8,PF,201,191,0
dedmode01,MIA,2023,21,C,208,245,9
hasleud01,MIA,2023,40,C,203,235,19
herroty01,MIA,2023,14,SG,196,195,3
highsha01,MIA,2023,24,PF,196,220,2
jovicni01,MIA,2023,5,PF,208,205,0
loveke01,MIA,2023,42,PF,208,251,14
lowryky01,MIA,2023,7,PG,183,196,16
martica02,MIA,2023,16,SF,196,205,3
oladivi01,MIA,2023,4,SG,190,213,9
robindu01,MIA,2023,55,SF,201,215,4
robinor01,MIA,2023,25,C,208,235,0
smithdr01,MIA,2023,9,SG,188,203,0
strusma01,MIA,2023,31,SF,196,215,3
vincega01,MIA,2023,2,PG,188,200,3
yurtsom01,MIA,2023,77,C,211,275,1
zelleco01,MIA,2023,44,C,211,240,9
beysa01,ATL,2023,41,SF,203,215,2
bogdabo01,ATL,2023,13,SG,196,225,5
capelca01,ATL,2023,15,C,208,256,8
collijo01,ATL,2023,20,PF,206,226,5
culveja01,ATL,2023,7,SF,198,195,3
fernabr01,ATL,2023,24,C,206,240,3
forretr01,ATL,2023,2,SG,193,210,2
griffaj01,ATL,2023,14,SF,198,220,0
holidaa01,ATL,2023,3,PG,183,185,4
holidju01,ATL,2023,8,SF,198,180,9
huntede01,ATL,2023,12,SF,201,221,3
johnsja05,ATL,2023,1,SF,203,219,1
kaminfr01,ATL,2023,0,C,213,240,7
krejcvi01,ATL,2023,27,PG,203,195,1
martity01,ATL,2023,22,SG,198,215,0
mathega01,ATL,2023,25,SG,196,215,3
murrade01,ATL,2023,5,SG,193,180,5
okongon01,ATL,2023,17,C,208,240,2
willido02,ATL,2023,4,SG,198,190,0
youngtr01,ATL,2023,11,PG,188,164,4
achiupr01,TOR,2023,5,C,203,243,2
anunoog01,TOR,2023,3,SF,201,240,5
bantoda01,TOR,2023,45,PG,203,203,1
barnesc01,TOR,2023,4,SF,203,237,1
bartowi01,TOR,2023,1,SG,196,181,10
birchkh01,TOR,2023,24,C,203,233,5
bouchch01,TOR,2023,25,PF,203,200,5
champju01,TOR,2023,11,SF,198,206,1
dowtije01,TOR,2023,20,PG,190,177,1
flynnma01,TOR,2023,22,PG,185,185,2
harpero02,TOR,2023,8,PF,196,233,0
hernaju01,TOR,2023,41,PF,206,214,6
kolokch01,TOR,2023,35,C,211,225,0
poeltja01,TOR,2023,19,C,213,253,6
porteot01,TOR,2023,32,SF,203,198,9
siakapa01,TOR,2023,43,PF,203,245,6
trentga02,TOR,2023,33,SG,196,204,4
vanvlfr01,TOR,2023,23,PG,183,197,6
wieskjo01,TOR,2023,11,SF,198,205,1
youngth01,TOR,2023,21,PF,203,225,15
beverpa01,CHI,2023,21,PG,188,180,10
bradlto01,CHI,2023,13,C,208,248,5
carusal01,CHI,2023,6,PG,196,186,5
derozde01,CHI,2023,11,SF,198,220,13
dosunay01,CHI,2023,12,SG,193,200,1
dragigo01,CHI,2023,7,PG,193,190,14
drumman01,CHI,2023,3,C,211,279,10
greenja02,CHI,2023,24,SF,196,205,3
hillma01,CHI,2023,21,SF,198,220,1
jonesca03,CHI,2023,22,PG,183,174,1
jonesde02,CHI,2023,5,PF,198,210,6
lavinza01,CHI,2023,8,SG,196,200,8
simonma01,CHI,2023,19,C,213,220,1
taylote01,CHI,2023,32,PF,196,230,1
terryda01,CHI,2023,25,SG,198,195,0
vucevni01,CHI,2023,9,C,206,260,11
whiteco01,CHI,2023,0,SG,193,195,3
willipa01,CHI,2023,44,PF,198,215,2
bitadgo01,IND,2023,88,C,211,250,3
brissos01,IND,2023,12,PF,201,210,3
brownke03,IND,2023,10,SG,198,205,0
duartch01,IND,2023,3,SF,196,190,1
halibty01,IND,2023,0,PG,196,185,2
hieldbu01,IND,2023,24,SF,193,220,6
hillge01,IND,2023,7,SG,193,188,14
jacksis01,IND,2023,22,C,203,205,1
johnsja01,IND,2023,16,PF,201,240,13
mathube01,IND,2023,00,SG,196,210,0
mccontj01,IND,2023,9,PG,185,190,7
nembhan01,IND,2023,2,SG,193,191,0
nesmiaa01,IND,2023,23,SF,196,215,2
nworajo01,IND,2023,13,SF,203,225,2
queentr01,IND,2023,8,SG,196,190,1
smithja04,IND,2023,25,C,203,215,2
taylote01,IND,2023,21,PF,196,230,1
theisda01,IND,2023,27,C,203,245,5
turnemy01,IND,2023,33,C,211,250,7
yorkga01,IND,2023,32,SG,190,185,1
avdijde01,WAS,2023,9,SF,203,228,2
bartowi01,WAS,2023,5,SG,196,181,10
bealbr01,WAS,2023,3,SG,193,207,10
bouyeja01,WAS,2023,4,PG,188,180,0
careyve01,WAS,2023,13,C,208,270,2
cooksxa01,WAS,2023,12,PF,203,183,0
davisjo06,WAS,2023,1,SG,193,195,0
dotsode01,WAS,2023,15,PG,185,185,2
gaffoda01,WAS,2023,21,C,208,265,3
gibsota01,WAS,2023,67,C,206,232,13
gillan01,WAS,2023,16,PF,201,230,2
goodwjo01,WAS,2023,7,PG,190,215,1
hachiru01,WAS,2023,8,PF,203,230,3
huffja01,WAS,2023,34,C,216,240,1
jacksqu01,WAS,2023,29,PG,193,173,0
kispeco01,WAS,2023,24,SF,198,224,1
kuzmaky01,WAS,2023,33,PF,203,221,5
morrimo01,WAS,2023,22,PG,188,183,5
nunnke01,WAS,2023,20,SG,190,190,2
porzikr01,WAS,2023,6,C,218,240,6
schakjo01,WAS,2023,20,SF,198,200,1
toddis01,WAS,2023,14,PF,206,219,1
wrighde01,WAS,2023,55,PG,193,185,7
anthoco01,ORL,2023,50,PG,188,185,2
bambamo01,ORL,2023,11,C,213,231,4
banchpa01,ORL,2023,5,PF,208,250,0
bitadgo01,ORL,2023,35,C,211,250,3
bolbo01,ORL,2023,10,PF,221,220,3
cartewe01,ORL,2023,34,C,208,270,4
cartemi01,ORL,2023,11,PG,198,205,8
fultzma01,ORL,2023,20,PG,193,209,5
hamptrj01,ORL,2023,13,SG,193,175,2
harriga01,ORL,2023,14,SG,193,210,8
harrike01,ORL,2023,7,SG,196,216,0
houstca01,ORL,2023,2,SF,203,205,0
isaacjo01,ORL,2023,1,PF,208,230,3
okekech01,ORL,2023,3,SF,201,229,2
rosste01,ORL,2023,31,SG,198,206,10
schofad01,ORL,2023,25,PF,196,241,2
scrubja01,ORL,2023,0,SG,196,220,2
suggsja01,ORL,2023,4,SG,196,205,1
wagnefr01,ORL,2023,22,SF,208,220,1
wagnemo01,ORL,2023,21,C,211,245,4
ballla01,CHO,2023,1,PG,201,180,2
bouknja01,CHO,2023,2,SG,193,190,1
haywago01,CHO,2023,20,SF,201,225,12
joneska01,CHO,2023,23,C,211,221,1
maledth01,CHO,2023,9,PG,193,175,2
martico01,CHO,2023,11,SF,198,205,3
mcdanja01,CHO,2023,6,SF,206,205,3
mcgowbr01,CHO,2023,7,SG,198,190,0
mykhasv01,CHO,2023,10,SF,201,205,4
oubreke01,CHO,2023,12,SF,203,203,7
plumlma01,CHO,2023,24,C,213,254,9
richani01,CHO,2023,4,C,211,245,2
roziete01,CHO,2023,3,SG,185,190,7
simmoko01,CHO,2023,14,SG,196,180,2
smithde03,CHO,2023,8,PG,188,205,5
sneedxa01,CHO,2023,22,SF,196,215,1
thorjt01,CHO,2023,21,PF,206,203,1
washipj01,CHO,2023,25,PF,201,230,3
willima07,CHO,2023,5,C,216,240,0
baglema01,DET,2023,35,C,208,235,4
beysa01,DET,2023,41,SF,203,215,2
boehebu01,DET,2023,27,SF,196,205,0
bogdabo02,DET,2023,44,PF,201,226,8
burksal01,DET,2023,5,SG,196,214,11
cunnica01,DET,2023,2,PG,198,220,1
diallha01,DET,2023,6,SF,196,202,4
durenja01,DET,2023,0,C,208,250,0
hamptrj01,DET,2023,14,SG,193,175,2
hayeski01,DET,2023,7,PG,193,195,2
iveyja01,DET,2023,23,SG,190,195,0
josepco01,DET,2023,18,PG,188,200,11
keybr01,DET,2023,8,SF,201,225,1
knoxke01,DET,2023,20,SF,203,215,4
liveris01,DET,2023,12,PF,198,232,1
mcgruro01,DET,2023,17,SG,193,205,6
noelne01,DET,2023,9,C,208,220,8
omorueu01,DET,2023,97,SF,198,235,1
rhodeja01,DET,2023,8,SG,196,210,0
stewais01,DET,2023,28,C,203,250,2
umudest01,DET,2023,14,SG,198,210,0
wisemja01,DET,2023,13,C,211,240,1
braunch01,DEN,2023,0,SG,198,220,0
brownbr01,DEN,2023,11,SF,193,202,4
bryanth01,DEN,2023,13,C,206,248,5
caldwke01,DEN,2023,5,SG,196,204,9
cancavl01,DEN,2023,31,PF,203,236,3
gordoaa01,DEN,2023,50,PF,203,235,8
greenje02,DEN,2023,32,PF,203,235,14
hylanbo01,DEN,2023,3,PG,188,169,1
jacksre01,DEN,2023,7,PG,188,208,11
jokicni01,DEN,2023,15,C,211,284,7
jordade01,DEN,2023,6,C,211,265,14
murraja01,DEN,2023,27,PG,193,215,5
nnajize01,DEN,2023,22,PF,208,240,2
portemi01,DEN,2023,1,SF,208,218,3
reedda01,DEN,2023,9,SG,196,206,3
smithis01,DEN,2023,14,PG,183,175,12
watsope01,DEN,2023,8,SG,203,200,0
whiteja03,DEN,2023,10,SF,201,225,0
adamsst01,MEM,2023,4,C,211,265,9
aldamsa01,MEM,2023,7,PF,213,215,1
banede01,MEM,2023,22,SG,198,215,2
brookdi01,MEM,2023,24,SF,201,225,5
chandke01,MEM,2023,1,PG,183,170,0
clarkbr01,MEM,2023,15,PF,203,215,3
gilyaja01,MEM,2023,0,PG,173,160,0
greenda02,MEM,2023,14,SG,198,215,13
jacksja02,MEM,2023,13,C,208,242,4
jonesty01,MEM,2023,21,PG,183,196,7
kennalu01,MEM,2023,10,SG,196,206,5
konchjo01,MEM,2023,46,SF,196,210,3
laravja01,MEM,2023,3,PF,201,235,0
loftoke01,MEM,2023,6,PF,198,275,0
moranja01,MEM,2023,12,PG,188,174,3
roddyda01,MEM,2023,27,PF,196,255,0
tillmxa01,MEM,2023,2,C,203,245,2
willivi01,MEM,2023,5,SG,193,205,0
willizi02,MEM,2023,8,SF,206,185,1
barneha02,SAC,2023,40,PF,201,225,10
burtode02,SAC,2023,24,PF,193,240,2
daviste02,SAC,2023,3,SG,193,201,3
dellama01,SAC,2023,8,PG,190,200,8
doziepj01,SAC,2023,35,SF,198,212,5
edwarke02,SAC,2023,17,SF,203,203,1
elliske01,SAC,2023,23,SG,193,175,0
foxde01,SAC,2023,5,PG,190,185,5
holmeri01,SAC,2023,22,C,206,235,7
huertke01,SAC,2023,9,SG,198,198,4
lenal01,SAC,2023,25,C,213,250,9
lylestr01,SAC,2023,41,PF,206,234,7
metuch01,SAC,2023,7,PF,208,225,4
mitchda01,SAC,2023,15,PG,183,202,1
monekch01,SAC,2023,19,SF,196,223,0
monkma01,SAC,2023,0,SG,190,200,5
murrake02,SAC,2023,13,SF,203,225,0
okpalkz01,SAC,2023,30,PF,203,215,3
quetane01,SAC,2023,88,C,213,248,1
sabondo01,SAC,2023,10,C,208,240,6
aytonde01,PHO,2023,22,C,213,252,4
bazleda01,PHO,2023,55,C,206,216,3
biyombi01,PHO,2023,18,C,203,255,11
bookede01,PHO,2023,1,SG,196,206,7
bridgmi01,PHO,2023,25,SF,198,209,4
craigto01,PHO,2023,0,PF,196,221,5
duranke01,PHO,2023,35,PF,211,240,14
johnsca02,PHO,2023,23,PF,203,210,3
landajo01,PHO,2023,11,C,211,255,1
leeda03,PHO,2023,10,SG,198,210,5
leesa01,PHO,2023,38,PG,188,183,2
okogijo01,PHO,2023,2,SG,193,213,4
paulch01,PHO,2023,3,PG,183,175,17
payneca01,PHO,2023,15,PG,188,183,7
rosste01,PHO,2023,8,SG,198,206,10
saricda01,PHO,2023,20,PF,208,225,5
shamela01,PHO,2023,14,SG,196,190,4
wainris01,PHO,2023,12,SF,196,250,1
warretj01,PHO,2023,21,SF,203,220,7
washidu02,PHO,2023,4,SG,188,197,1
batumni01,LAC,2023,33,PF,201,230,14
bostobr01,LAC,2023,4,SF,198,188,1
brownmo01,LAC,2023,9,C,218,258,3
coffeam01,LAC,2023,7,SF,201,210,3
covinro01,LAC,2023,23,PF,201,209,9
diabamo01,LAC,2023,25,C,208,210,0
georgpa01,LAC,2023,13,SF,203,220,12
gordoer01,LAC,2023,10,SG,190,215,14
hylanbo01,LAC,2023,5,PG,188,169,1
jacksre01,LAC,2023,1,PG,188,208,11
kennalu01,LAC,2023,5,SG,196,206,5
leonaka01,LAC,2023,2,SF,198,225,10
mannte01,LAC,2023,14,SG,198,215,3
moonxa01,LAC,2023,15,SG,183,165,1
morrima03,LAC,2023,8,PF,203,218,11
plumlma01,LAC,2023,44,C,213,254,9
powelno01,LAC,2023,24,SG,190,215,7
prestja01,LAC,2023,"0, 1",PG,190,181,0
walljo01,LAC,2023,11,PG,190,210,10
westbru01,LAC,2023,0,PG,193,200,14
zubaciv01,LAC,2023,40,C,213,240,6
baldwpa01,GSW,2023,7,SF,213,220,0
curryst01,GSW,2023,30,PG,188,185,13
divindo01,GSW,2023,0,SG,193,203,4
greendr01,GSW,2023,23,PF,198,230,10
greenja01,GSW,2023,1,PF,206,227,8
iguodan01,GSW,2023,9,PF,198,215,18
jeromty01,GSW,2023,10,SG,196,195,3
kuminjo01,GSW,2023,00,PF,201,225,1
lamban01,GSW,2023,40,SF,198,227,2
looneke01,GSW,2023,5,C,206,222,7
moodymo01,GSW,2023,4,SG,196,211,1
paytoga02,GSW,2023,8,SG,188,195,6
poolejo01,GSW,2023,3,PG,193,194,3
quinole01,GSW,2023,25,SG,196,208,0
rolliry01,GSW,2023,2,PG,190,180,0
thompkl01,GSW,2023,11,SF,196,220,9
wiggian01,GSW,2023,22,SF,198,197,8
wisemja01,GSW,2023,33,C,211,240,1
bambamo01,LAL,2023,12,C,213,231,4
beaslma01,LAL,2023,5,SG,193,187,6
beverpa01,LAL,2023,21,SG,188,180,10
brownst02,LAL,2023,9,SF,196,219,5
browntr01,LAL,2023,7,SF,201,215,4
bryanth01,LAL,2023,31,C,206,248,5
chrisma02,LAL,2023,10,SG,196,190,0
davisan02,LAL,2023,3,C,208,253,10
gabriwe01,LAL,2023,35,C,206,205,3
hachiru01,LAL,2023,28,PF,203,230,3
harrish01,LAL,2023,0,SG,193,195,5
jamesle01,LAL,2023,6,PF,206,250,19
jonesda03,LAL,2023,30,C,208,245,6
nunnke01,LAL,2023,12,SG,190,190,2
pippesc02,LAL,2023,14,PG,188,170,0
reaveau01,LAL,2023,15,SG,196,197,1
reedda01,LAL,2023,11,SG,196,206,3
russeda01,LAL,2023,1,PG,190,193,7
ryanma01,LAL,2023,37,SF,198,215,1
schrode01,LAL,2023,17,PG,185,175,9
swideco01,LAL,2023,20,SF,208,220,0
thomptr01,LAL,2023,9,C,206,254,11
toscaju01,LAL,2023,95,SF,198,209,3
vandeja01,LAL,2023,2,PF,203,214,4
walkelo01,LAL,2023,4,SG,193,204,4
westbru01,LAL,2023,0,PG,193,200,14
alexani01,MIN,2023,9,SG,196,205,3
anderky01,MIN,2023,5,PF,203,230,8
conlemi01,MIN,2023,10,PG,185,175,15
edwaran01,MIN,2023,1,SG,193,225,2
forbebr01,MIN,2023,10,SG,188,205,6
garzalu01,MIN,2023,55,C,208,243,1
goberru01,MIN,2023,27,C,216,258,9
knighna01,MIN,2023,13,C,203,253,2
lawsoaj01,MIN,2023,00,SG,198,179,0
mcdanja02,MIN,2023,3,SF,206,185,2
mclaujo01,MIN,2023,6,PG,180,185,3
minotjo01,MIN,2023,8,SF,203,205,0
moorewe01,MIN,2023,7,SG,196,215,0
nowelja01,MIN,2023,4,SG,193,201,3
princta02,MIN,2023,12,PF,198,218,6
reidna01,MIN,2023,11,C,206,264,3
riverau01,MIN,2023,25,SG,193,200,10
russeda01,MIN,2023,0,PG,190,193,7
ryanma01,MIN,2023,37,SF,198,215,1
townska01,MIN,2023,32,PF,213,248,7
alvarjo01,NOP,2023,15,PG,183,179,1
daniedy01,NOP,2023,11,PG,201,199,0
grahade01,NOP,2023,4,PG,185,195,4
hayesja02,NOP,2023,10,C,213,220,3
hernawi01,NOP,2023,9,C,211,250,6
ingrabr01,NOP,2023,14,SF,203,190,6
joneshe01,NOP,2023,5,PF,201,206,1
lewiski01,NOP,2023,13,PG,185,170,2
marshna01,NOP,2023,8,SF,198,220,2
mccolcj01,NOP,2023,3,PG,190,190,9
murphtr02,NOP,2023,25,SF,203,206,1
nancela02,NOP,2023,22,C,198,245,7
richajo01,NOP,2023,2,SG,196,200,7
seabrde01,NOP,2023,0,SG,196,180,0
templga01,NOP,2023,41,SG,196,195,12
valanjo01,NOP,2023,17,C,211,265,10
willizi01,NOP,2023,1,PF,198,284,2
bazleda01,OKC,2023,55,C,206,216,3
butleja02,OKC,2023,14,PG,190,193,1
diengou01,OKC,2023,13,PF,206,185,0
dortlu01,OKC,2023,5,SF,193,220,3
giddejo01,OKC,2023,3,PF,201,216,1
gilgesh01,OKC,2023,2,PG,198,195,4
joeis01,OKC,2023,11,SG,193,165,2
manntr01,OKC,2023,23,PG,193,178,1
muscami01,OKC,2023,33,C,208,240,9
omorueu01,OKC,2023,97,SF,198,235,1
pokusal01,OKC,2023,17,PF,213,210,2
robinje02,OKC,2023,50,PF,206,240,1
saricda01,OKC,2023,9,C,208,225,5
sarrol01,OKC,2023,30,C,208,240,1
waterli01,OKC,2023,12,SG,196,210,1
wiggiaa01,OKC,2023,21,SG,196,190,1
willija06,OKC,2023,8,SG,196,211,0
willija07,OKC,2023,6,C,206,240,0
willike04,OKC,2023,34,PF,201,210,4
bertada01,DAL,2023,44,PF,208,225,6
bullore01,DAL,2023,25,SF,198,205,9
campafa01,DAL,2023,2,PG,178,195,2
dinwisp01,DAL,2023,26,SG,196,215,8
doncilu01,DAL,2023,77,PG,203,230,4
dorsety01,DAL,2023,5,SF,193,180,2
finnedo01,DAL,2023,10,PF,201,220,6
greenjo02,DAL,2023,8,SG,198,200,2
hardati02,DAL,2023,11,SF,196,205,9
hardyja02,DAL,2023,3,SG,190,198,0
holidju01,DAL,2023,0,SF,198,180,9
irvinky01,DAL,2023,2,SG,188,195,11
klebima01,DAL,2023,42,PF,208,240,5
lawsoaj01,DAL,2023,9,SG,198,179,0
mcgeeja01,DAL,2023,00,C,213,270,14
morrima02,DAL,2023,13,PF,206,245,11
ntilila01,DAL,2023,21,SG,193,200,5
pinsoth01,DAL,2023,1,SG,196,212,4
poweldw01,DAL,2023,7,C,208,240,8
silvach01,DAL,2023,30,PF,203,234,3
walkeke02,DAL,2023,34,PG,183,184,11
woodch01,DAL,2023,35,C,203,214,6
wrighmc01,DAL,2023,23,PG,180,192,1
agbajoc01,UTA,2023,30,SG,196,215,0
alexani01,UTA,2023,6,SG,196,205,3
azubuud01,UTA,2023,20,C,211,270,2
beaslma01,UTA,2023,5,SG,193,187,6
bolmale01,UTA,2023,10,SF,198,200,1
brantja01,UTA,2023,55,PF,196,250,2
clarkjo01,UTA,2023,00,SG,196,194,8
conlemi01,UTA,2023,11,PG,185,175,15
dunnkr01,UTA,2023,11,PG,190,205,6
fontesi01,UTA,2023,16,SF,201,209,0
gayru01,UTA,2023,22,PF,203,250,16
hortota01,UTA,2023,0,SG,193,234,3
jacksfr01,UTA,2023,3,PG,190,205,4
jonesda03,UTA,2023,15,C,208,245,6
juzanjo01,UTA,2023,33,SG,201,226,0
kesslwa01,UTA,2023,24,C,218,245,0
markkla01,UTA,2023,23,PF,216,240,5
olynyke01,UTA,2023,41,C,213,240,9
pottemi01,UTA,2023,25,PF,206,248,1
samanlu01,UTA,2023,19,PF,208,227,2
sextoco01,UTA,2023,2,PG,190,190,4
toscaju01,UTA,2023,95,SF,198,209,3
vandeja01,UTA,2023,8,PF,203,214,4
arcidry01,POR,2023,51,PG,190,195,5
browngr01,POR,2023,4,PF,201,206,1
butlejo01,POR,2023,21,C,213,190,0
comanch01,POR,2023,50,C,208,210,0
eubandr01,POR,2023,24,C,208,245,4
grantje01,POR,2023,9,PF,201,213,8
harrish01,POR,2023,00,SG,193,195,5
hartjo01,POR,2023,11,SF,196,215,5
johnske07,POR,2023,6,SG,196,185,1
knoxke01,POR,2023,11,PF,203,215,4
lillada01,POR,2023,0,PG,188,200,10
littlna01,POR,2023,10,SF,198,220,3
mayssk01,POR,2023,8,PG,193,205,2
minayju01,POR,2023,35,SF,196,205,0
nurkiju01,POR,2023,27,C,211,290,8
paytoga02,POR,2023,00,SG,188,195,6
reddica01,POR,2023,5,SF,201,230,3
sharpsh01,POR,2023,17,SG,196,210,0
simonan01,POR,2023,1,SG,190,200,4
thybuma01,POR,2023,4,SG,196,202,3
walkeja01,POR,2023,34,PF,201,237,0
watfotr01,POR,2023,2,PF,203,237,1
willije02,POR,2023,23,SG,196,205,0
winslju01,POR,2023,26,PF,198,222,7
chrisjo01,HOU,2023,9,SG,193,215,1
daysda01,HOU,2023,5,SF,201,245,0
easonta01,HOU,2023,17,PF,203,215,0
fernabr01,HOU,2023,20,C,206,240,3
garubus01,HOU,2023,16,C,203,229,1
gordoer01,HOU,2023,10,SG,190,215,14
greenja05,HOU,2023,4,SG,193,186,1
hudgitr01,HOU,2023,12,PG,183,180,0
kaminfr01,HOU,2023,33,C,213,240,7
marjabo01,HOU,2023,51,C,224,290,7
martike04,HOU,2023,6,SF,198,215,2
mathega01,HOU,2023,25,SG,196,215,3
nixda01,HOU,2023,15,PG,190,226,1
porteke02,HOU,2023,3,PG,196,203,3
sengual01,HOU,2023,28,C,211,243,1
smithja05,HOU,2023,1,PF,211,220,0
tateja01,HOU,2023,8,SF,193,230,2
washity02,HOU,2023,0,PG,190,195,0
barlodo01,SAS,2023,26,PF,206,215,0
bassech01,SAS,2023,28,C,208,230,1
bateske01,SAS,2023,31,PF,203,229,4
branhma01,SAS,2023,22,SG,193,180,0
champju02,SAS,2023,30,SF,201,217,0
colliza01,SAS,2023,23,C,206,250,4
dienggo01,SAS,2023,41,C,208,252,9
grahade01,SAS,2023,4,PG,185,195,4
halljo02,SAS,2023,55,SF,201,220,0
johnsal02,SAS,2023,19,PF,206,212,4
johnske04,SAS,2023,3,SF,198,220,3
johnsst04,SAS,2023,34,SF,198,242,7
jonestr01,SAS,2023,33,PG,185,185,2
langfro01,SAS,2023,35,SG,196,216,3
mamuksa01,SAS,2023,54,C,206,240,1
mcderdo01,SAS,2023,17,SF,201,225,8
poeltja01,SAS,2023,25,C,213,253,6
primojo01,SAS,2023,11,SG,193,189,1
richajo01,SAS,2023,7,SG,196,200,7
robyis01,SAS,2023,18,PF,198,230,3
sochaje01,SAS,2023,10,PF,203,230,0
vassede01,SAS,2023,24,SG,196,200,2
weslebl01,SAS,2023,14,SG,193,190,0
bantoda01,BOS,2024,45,PG,203,203,2
brissos01,BOS,2024,12,SF,201,210,4
brownja02,BOS,2024,7,SF,198,223,7
davisjd01,BOS,2024,20,SG,185,195,1
hausesa01,BOS,2024,30,SF,201,217,2
holidjr01,BOS,2024,4,PG,193,220,14
horfoal01,BOS,2024,42,C,203,240,16
kornelu01,BOS,2024,40,C,216,250,6
mykhasv01,BOS,2024,50,SF,201,205,5
peterdr01,BOS,2024,13,PF,203,205,0
porzikr01,BOS,2024,8,C,218,240,7
pritcpa01,BOS,2024,11,PG,185,195,3
quetane01,BOS,2024,88,C,213,248,2
sprinja01,BOS,2024,44,SG,193,202,2
stevela01,BOS,2024,77,PF,201,230,3
tatumja01,BOS,2024,0,PF,203,210,6
tillmxa01,BOS,2024,26,PF,203,245,3
walshjo01,BOS,2024,27,SF,198,205,0
whitede01,BOS,2024,9,SG,193,190,6
achiupr01,NYK,2024,5,PF,203,243,3
anunoog01,NYK,2024,8,SF,201,240,6
arcidry01,NYK,2024,51,PG,190,195,6
barrerj01,NYK,2024,9,SG,198,214,4
bogdabo02,NYK,2024,44,SF,201,226,9
brownch02,NYK,2024,"4, 44",SG,198,199,3
brunsja01,NYK,2024,11,PG,188,190,5
burksal01,NYK,2024,18,SG,196,214,12
diakima01,NYK,2024,25,PF,206,228,3
divindo01,NYK,2024,0,SG,193,203,5
flynnma01,NYK,2024,4,PG,185,185,3
fournev01,NYK,2024,13,SG,198,205,11
gibsota01,NYK,2024,67,PF,206,232,14
grimequ01,NYK,2024,6,SG,193,210,2
hartjo01,NYK,2024,3,SF,196,215,6
harteis01,NYK,2024,55,C,213,250,5
jeffrda01,NYK,2024,"8, 21",SG,196,222,4
mcbrimi01,NYK,2024,2,PG,188,195,2
miltosh01,NYK,2024,13,SG,196,205,5
quickim01,NYK,2024,5,SG,188,190,3
randlju01,NYK,2024,30,PF,206,250,9
robinmi01,NYK,2024,23,C,213,240,5
simsje01,NYK,2024,45,C,208,250,2
skapidm01,NYK,2024,14,C,216,260,0
toppija01,NYK,2024,00,SF,206,200,0
windldy01,NYK,2024,20,SF,201,196,3
antetgi01,MIL,2024,34,PF,211,243,10
antetth01,MIL,2024,43,PF,201,219,5
beaslma01,MIL,2024,5,SG,193,187,7
beaucma01,MIL,2024,3,SF,201,199,1
beverpa01,MIL,2024,21,PG,188,180,11
boldema01,MIL,2024,12,C,208,249,2
connapa01,MIL,2024,24,SF,196,209,8
crowdja01,MIL,2024,99,PF,198,235,11
gallida01,MIL,2024,12,SF,208,236,13
greenaj01,MIL,2024,20,SG,193,190,1
jacksan01,MIL,2024,44,SG,198,209,0
lillada01,MIL,2024,0,PG,188,200,11
livinch01,MIL,2024,7,SF,198,220,0
lopezbr01,MIL,2024,11,C,216,282,15
lopezro01,MIL,2024,42,C,216,281,15
middlkh01,MIL,2024,22,SF,201,222,11
payneca01,MIL,2024,15,PG,188,183,8
portibo01,MIL,2024,9,PF,206,250,8
rolliry01,MIL,2024,55,PG,190,180,1
washity02,MIL,2024,23,PG,190,195,1
wiggili01,MIL,2024,28,PG,185,189,2
allenja01,CLE,2024,31,C,206,243,6
batesem01,CLE,2024,21,SF,206,202,0
garlada01,CLE,2024,10,PG,185,192,4
jeromty01,CLE,2024,2,SG,196,195,4
jonesda03,CLE,2024,30,C,208,245,7
leverca01,CLE,2024,3,SG,201,205,7
merrisa01,CLE,2024,5,SG,193,205,3
mitchdo01,CLE,2024,45,SG,188,215,6
mobleev01,CLE,2024,4,PF,211,215,2
mobleis01,CLE,2024,15,PF,203,238,1
morrima03,CLE,2024,24,PF,203,218,12
nancepe01,CLE,2024,8,PF,206,225,0
niangge01,CLE,2024,20,PF,198,230,7
okorois01,CLE,2024,35,SF,193,225,3
portecr01,CLE,2024,9,PG,185,180,0
strusma01,CLE,2024,1,SF,196,215,4
thomptr01,CLE,2024,"12, 13",C,206,254,12
wadede01,CLE,2024,32,PF,206,228,4
anthoco01,ORL,2024,50,PG,188,185,3
banchpa01,ORL,2024,5,PF,208,250,1
bitadgo01,ORL,2024,35,C,211,250,4
blackan01,ORL,2024,0,PG,201,200,0
cartewe01,ORL,2024,34,C,208,270,5
fultzma01,ORL,2024,20,PG,193,209,6
harriga01,ORL,2024,14,SG,193,210,9
harrike01,ORL,2024,8,SG,196,216,1
houstca01,ORL,2024,2,SF,203,205,1
howarje01,ORL,2024,13,SF,203,215,0
inglejo01,ORL,2024,7,SF,203,220,9
isaacjo01,ORL,2024,1,PF,208,230,4
okekech01,ORL,2024,3,SF,201,229,3
queentr01,ORL,2024,12,SG,196,190,2
schofad01,ORL,2024,25,PF,196,241,3
suggsja01,ORL,2024,4,SG,196,205,2
wagnefr01,ORL,2024,22,SF,208,220,2
wagnemo01,ORL,2024,21,C,211,245,5
brownbr01,IND,2024,11,SG,193,202,5
brownke03,IND,2024,10,SG,198,205,1
halibty01,IND,2024,0,PG,196,185,3
hieldbu01,IND,2024,7,SF,193,220,7
jacksis01,IND,2024,22,C,203,205,2
jacksqu01,IND,2024,29,PG,193,173,1
johnsja01,IND,2024,16,PF,201,240,14
mathube01,IND,2024,00,SF,196,210,1
mccontj01,IND,2024,9,PG,185,190,8
mcderdo01,IND,2024,20,SF,201,225,9
nembhan01,IND,2024,2,PG,193,191,1
nesmiaa01,IND,2024,23,SF,196,215,3
nworajo01,IND,2024,13,SF,203,225,3
sheppbe01,IND,2024,26,SG,198,190,0
siakapa01,IND,2024,43,PF,203,245,7
smithja04,IND,2024,25,C,203,215,3
theisda01,IND,2024,27,C,203,245,6
toppiob01,IND,2024,1,PF,206,220,3
tshieos01,IND,2024,44,PF,203,255,0
turnemy01,IND,2024,33,C,211,250,8
walkeja02,IND,2024,5,PF,201,235,0
wongis01,IND,2024,21,SG,190,185,0
bambamo01,PHI,2024,"5, 7",C,213,231,5
batumni01,PHI,2024,40,PF,201,230,15
bazleda01,PHI,2024,25,PF,206,216,4
beverpa01,PHI,2024,22,PG,188,180,11
councri01,PHI,2024,16,SG,198,207,0
covinro01,PHI,2024,33,SF,201,209,10
dowtije01,PHI,2024,11,PG,190,177,2
embiijo01,PHI,2024,21,C,213,280,7
greenda02,PHI,2024,14,SG,198,215,14
harrito02,PHI,2024,12,PF,203,226,12
hieldbu01,PHI,2024,17,SG,193,220,7
houseda01,PHI,2024,25,SF,198,220,7
korkmfu01,PHI,2024,30,SG,201,202,6
loftoke01,PHI,2024,35,PF,198,275,1
lowryky01,PHI,2024,7,PG,183,196,17
martike04,PHI,2024,1,SF,198,215,3
maxeyty01,PHI,2024,0,PG,188,200,3
meltode01,PHI,2024,8,SG,188,200,5
morrima03,PHI,2024,5,PF,203,218,12
oubreke01,PHI,2024,9,SF,203,203,8
payneca01,PHI,2024,22,PG,188,183,8
petrufi01,PHI,2024,33,C,211,225,0
reedpa01,PHI,2024,44,C,206,210,3
smartja01,PHI,2024,39,PG,193,205,1
smithte01,PHI,2024,23,PG,193,160,0
sprinja01,PHI,2024,11,SG,193,202,2
tuckepj01,PHI,2024,17,PF,196,245,12
wilsodj01,PHI,2024,20,PF,208,231,5
adebaba01,MIA,2024,13,C,206,255,6
bryanth01,MIA,2024,31,C,206,248,6
butleji01,MIA,2024,22,PF,198,230,12
cainja01,MIA,2024,8,PF,201,191,1
hamptrj01,MIA,2024,4,PG,193,175,3
herroty01,MIA,2024,14,SG,196,195,4
highsha01,MIA,2024,24,PF,196,220,3
jaqueja01,MIA,2024,11,SF,198,225,0
jovicni01,MIA,2024,5,PF,208,205,1
loveke01,MIA,2024,42,PF,208,251,15
lowryky01,MIA,2024,7,PG,183,196,17
martica02,MIA,2024,16,SF,196,205,4
millspa02,MIA,2024,88,PG,188,180,14
richajo01,MIA,2024,0,SG,196,200,8
robindu01,MIA,2024,55,SF,201,215,5
robinor01,MIA,2024,25,C,208,235,1
roziete01,MIA,2024,2,PG,185,190,8
smithdr01,MIA,2024,9,SG,188,203,1
swideco01,MIA,2024,21,SF,208,220,1
willial06,MIA,2024,15,SG,193,210,1
wrighde01,MIA,2024,4,PG,193,185,8
bitimon01,CHI,2024,17,SG,198,215,0
carteje01,CHI,2024,5,PG,183,200,5
carusal01,CHI,2024,6,SG,196,186,6
craigto01,CHI,2024,13,SF,196,221,6
derozde01,CHI,2024,11,SF,198,220,14
dosunay01,CHI,2024,12,SG,193,200,2
drellhe01,CHI,2024,77,SF,203,185,0
drumman01,CHI,2024,3,C,211,279,11
funkan01,CHI,2024,30,SG,196,200,0
greenja02,CHI,2024,24,SF,196,205,4
lavinza01,CHI,2024,8,SG,196,200,9
phillju01,CHI,2024,15,SF,198,198,0
sanogad01,CHI,2024,21,PF,206,245,0
taylote01,CHI,2024,32,PF,196,230,2
terryda01,CHI,2024,25,SG,198,195,1
vucevni01,CHI,2024,9,C,206,260,12
whiteco01,CHI,2024,0,PG,193,195,4
willipa01,CHI,2024,44,PF,198,215,3
beysa01,ATL,2024,41,SF,203,215,3
bogdabo01,ATL,2024,13,SG,196,225,6
bufkiko01,ATL,2024,4,SG,193,195,0
capelca01,ATL,2024,15,C,208,256,9
fernabr01,ATL,2024,24,C,206,240,4
forretr01,ATL,2024,2,SG,193,210,3
griffaj01,ATL,2024,14,SF,198,220,1
gueyemo02,ATL,2024,18,PF,211,210,0
huntede01,ATL,2024,12,SF,201,221,4
johnsja05,ATL,2024,1,SF,203,219,2
krejcvi01,ATL,2024,27,PG,203,195,2
lundyse01,ATL,2024,3,SF,193,220,0
mathega01,ATL,2024,25,SG,196,215,4
matthwe02,ATL,2024,32,SG,196,220,14
millspa02,ATL,2024,8,PG,188,180,14
murrade01,ATL,2024,5,SG,193,180,6
okongon01,ATL,2024,17,C,208,240,3
windldy01,ATL,2024,20,SF,201,196,3
youngtr01,ATL,2024,11,PG,188,164,5
bateske01,BRK,2024,13,SF,203,229,5
bridgmi01,BRK,2024,1,SF,198,209,5
brookar01,BRK,2024,13,PG,190,195,2
claxtni01,BRK,2024,33,C,211,215,4
clownno01,BRK,2024,21,PF,208,210,0
dinwisp01,BRK,2024,26,PG,196,215,9
finnedo01,BRK,2024,28,PF,201,220,7
gilesha01,BRK,2024,14,C,208,240,3
gilyaja01,BRK,2024,14,PG,173,160,1
johnsca02,BRK,2024,2,PF,203,210,4
johnske07,BRK,2024,45,SG,196,185,2
onealro01,BRK,2024,00,SF,198,226,6
schrode01,BRK,2024,17,PG,185,175,10
sharpda01,BRK,2024,20,C,208,265,2
simmobe01,BRK,2024,10,PG,208,240,5
smithde03,BRK,2024,4,PG,188,205,6
thomaca02,BRK,2024,24,SG,190,210,2
walkelo01,BRK,2024,8,SG,193,204,5
watfotr01,BRK,2024,9,PF,203,237,2
whiteda01,BRK,2024,0,SF,198,220,0
wilsoja03,BRK,2024,22,PF,198,220,0
achiupr01,TOR,2024,5,C,203,243,3
agbajoc01,TOR,2024,30,SG,196,215,1
anunoog01,TOR,2024,3,SF,201,240,6
barnesc01,TOR,2024,4,SG,203,237,2
barrerj01,TOR,2024,9,SG,198,214,4
bouchch01,TOR,2024,25,PF,203,200,6
brownbr01,TOR,2024,11,PG,193,202,5
cartodj01,TOR,2024,3,SG,188,200,0
dickgr01,TOR,2024,1,SG,201,200,0
flynnma01,TOR,2024,22,PG,185,185,3
freemja01,TOR,2024,0,PG,190,190,0
gueyemo01,TOR,2024,16,PF,206,210,0
harpero02,TOR,2024,8,PF,196,233,1
lewiski01,TOR,2024,3,PG,185,170,3
mcdanja01,TOR,2024,2,SF,206,205,4
nowelma01,TOR,2024,24,SG,170,160,0
nworajo01,TOR,2024,13,SF,203,225,3
olynyke01,TOR,2024,41,C,213,240,10
poeltja01,TOR,2024,19,C,213,253,7
portejo01,TOR,2024,"11, 34",PF,211,240,1
porteot01,TOR,2024,32,SF,203,198,10
quickim01,TOR,2024,5,PG,188,190,3
ramseja01,TOR,2024,37,SG,190,190,2
schrode01,TOR,2024,17,PG,185,175,10
siakapa01,TOR,2024,43,PF,203,245,7
simmoko01,TOR,2024,8,PG,196,180,3
templga01,TOR,2024,"14, 17",SG,196,195,13
trentga02,TOR,2024,33,SG,196,204,5
willima11,TOR,2024,35,C,211,250,0
youngth01,TOR,2024,21,PF,203,225,16
baileam01,CHO,2024,10,PG,190,185,0
ballla01,CHO,2024,1,PG,201,180,3
bertada01,CHO,2024,9,PF,208,225,7
blackle01,CHO,2024,12,SF,198,209,0
boldema01,CHO,2024,3,C,208,249,2
bouknja01,CHO,2024,2,SG,193,190,2
bridgmi02,CHO,2024,0,SF,201,225,4
curryse01,CHO,2024,30,SG,185,185,9
haywago01,CHO,2024,20,SF,201,225,13
maledth01,CHO,2024,9,PG,193,175,3
manntr01,CHO,2024,23,PG,193,178,2
martico01,CHO,2024,11,SF,198,205,4
mcgowbr01,CHO,2024,7,SG,198,190,1
mensana01,CHO,2024,31,C,206,230,0
micicva01,CHO,2024,22,PG,190,188,0
millebr02,CHO,2024,24,SF,201,200,0
ntilila01,CHO,2024,44,PG,193,200,6
pokusal01,CHO,2024,17,PF,213,210,3
richani01,CHO,2024,4,C,211,245,3
roziete01,CHO,2024,3,SG,185,190,8
smithis01,CHO,2024,14,PG,183,175,13
smithni01,CHO,2024,8,SG,188,185,0
thorjt01,CHO,2024,21,PF,206,203,2
washipj01,CHO,2024,25,PF,201,230,4
willigr01,CHO,2024,2,PF,201,236,4
willima07,CHO,2024,5,C,216,240,1
avdijde01,WAS,2024,8,SF,203,228,3
baglema01,WAS,2024,35,C,208,235,5
baldwpa01,WAS,2024,7,SF,213,220,1
bernaju01,WAS,2024,14,SG,198,210,0
butleja02,WAS,2024,4,SG,190,193,2
champju01,WAS,2024,9,SF,198,206,2
coulibi01,WAS,2024,0,SF,201,195,0
davisjo06,WAS,2024,1,SG,193,195,1
diallha01,WAS,2024,9,SG,196,202,5
gaffoda01,WAS,2024,21,C,208,265,4
gallida01,WAS,2024,88,PF,208,236,13
gillan01,WAS,2024,16,PF,201,230,3
holmeri01,WAS,2024,22,PF,206,235,8
jemistr01,WAS,2024,50,C,208,270,0
jonesty01,WAS,2024,5,PG,183,196,8
kispeco01,WAS,2024,24,SF,198,224,2
kuzmaky01,WAS,2024,33,PF,203,221,6
muscami01,WAS,2024,35,C,208,240,10
omorueu01,WAS,2024,97,SF,198,235,2
poolejo01,WAS,2024,13,SG,193,194,4
rolliry01,WAS,2024,9,PG,190,180,1
shamela01,WAS,2024,20,SG,196,190,5
vukcetr01,WAS,2024,00,C,213,220,0
wrighde01,WAS,2024,55,PG,193,185,8
baglema01,DET,2024,35,C,208,235,5
boehebu01,DET,2024,35,SF,196,205,1
bogdabo02,DET,2024,44,PF,201,226,9
browntr01,DET,2024,7,SF,201,215,5
burksal01,DET,2024,14,SG,196,214,12
cazalma01,DET,2024,20,SG,198,185,0
cunnica01,DET,2024,2,PG,198,220,2
durenja01,DET,2024,0,C,208,250,1
evbuoto01,DET,2024,18,SF,203,217,0
flynnma01,DET,2024,14,PG,185,185,3
fontesi01,DET,2024,19,SF,201,209,1
fournev01,DET,2024,31,SG,198,205,11
gallida01,DET,2024,12,SF,208,236,13
gibsota01,DET,2024,67,PF,206,232,14
grimequ01,DET,2024,24,SG,193,210,2
harrijo01,DET,2024,31,SG,198,220,9
hayeski01,DET,2024,7,PG,193,195,3
iveyja01,DET,2024,23,SG,190,195,1
knoxke01,DET,2024,24,SF,203,215,5
liveris01,DET,2024,12,PF,198,232,2
metuch01,DET,2024,5,C,208,225,5
miltosh01,DET,2024,5,SG,196,205,5
morrimo01,DET,2024,5,PG,188,183,6
muscami01,DET,2024,41,C,208,240,10
nowelja01,DET,2024,20,SG,193,201,4
rhodeja01,DET,2024,8,SG,196,210,1
sassema01,DET,2024,25,PG,185,195,0
stewais01,DET,2024,28,PF,203,250,3
thompau01,DET,2024,9,SF,201,205,0
umudest01,DET,2024,17,SG,198,210,1
wisemja01,DET,2024,13,C,211,240,2
bertada01,OKC,2024,9,PF,208,225,7
biyombi01,OKC,2024,15,C,203,255,12
diengou01,OKC,2024,13,PF,206,185,1
dortlu01,OKC,2024,5,SF,193,220,4
flaglad01,OKC,2024,14,SG,185,180,0
giddejo01,OKC,2024,3,SG,201,216,2
gilgesh01,OKC,2024,2,PG,198,195,5
haywago01,OKC,2024,33,SF,201,225,13
holmgch01,OKC,2024,7,C,216,208,0
joeis01,OKC,2024,11,SG,193,165,3
johnske08,OKC,2024,18,SF,193,230,0
manntr01,OKC,2024,23,PG,193,178,2
micicva01,OKC,2024,29,PG,190,188,0
muscami01,OKC,2024,50,C,208,240,10
pokusal01,OKC,2024,17,PF,213,210,3
sarrol01,OKC,2024,30,C,208,240,2
wallaca01,OKC,2024,22,SG,190,195,0
waterli01,OKC,2024,12,SG,196,210,2
wiggiaa01,OKC,2024,21,SG,196,190,2
willija06,OKC,2024,8,PF,196,211,1
willija07,OKC,2024,6,C,206,240,1
willike04,OKC,2024,34,PF,201,210,5
braunch01,DEN,2024,0,SG,198,220,1
caldwke01,DEN,2024,5,SG,196,204,10
gilleco01,DEN,2024,21,PG,185,195,0
gordoaa01,DEN,2024,50,PF,203,235,9
holidju01,DEN,2024,9,SG,198,180,10
huffja01,DEN,2024,30,C,216,240,2
jacksre01,DEN,2024,7,PG,188,208,12
jokicni01,DEN,2024,15,C,211,284,8
jordade01,DEN,2024,6,C,211,265,15
keybr01,DEN,2024,11,SF,201,225,2
murraja01,DEN,2024,27,PG,193,215,6
nnajize01,DEN,2024,22,PF,208,240,3
pickeja02,DEN,2024,24,SG,188,202,0
portemi01,DEN,2024,1,SF,208,218,4
strawju01,DEN,2024,3,SF,198,205,0
tysonhu01,DEN,2024,4,PF,203,215,0
watsope01,DEN,2024,8,SF,203,200,1
alexani01,MIN,2024,9,SG,196,205,4
anderky01,MIN,2024,1,PF,203,230,9
browntr01,MIN,2024,23,SF,201,215,5
conlemi01,MIN,2024,10,PG,185,175,16
edwaran01,MIN,2024,5,SG,193,225,3
garzalu01,MIN,2024,55,C,208,243,2
goberru01,MIN,2024,27,C,216,258,10
jacksju01,MIN,2024,44,SF,203,220,6
mcdanja02,MIN,2024,3,SF,206,185,3
mclaujo01,MIN,2024,6,PG,180,185,4
millele01,MIN,2024,33,SF,208,220,0
miltosh01,MIN,2024,18,SG,196,205,5
minotjo01,MIN,2024,8,SF,203,205,1
moorewe01,MIN,2024,7,SG,196,215,1
morrimo01,MIN,2024,23,PG,188,183,6
nixda01,MIN,2024,12,PG,190,226,2
reidna01,MIN,2024,11,PF,206,264,4
townska01,MIN,2024,32,PF,213,248,8
warretj01,MIN,2024,24,SF,203,220,8
batumni01,LAC,2024,33,PF,201,230,15
bostobr01,LAC,2024,4,SF,198,188,2
brownko01,LAC,2024,21,PF,201,250,0
coffeam01,LAC,2024,7,SF,201,210,4
covinro01,LAC,2024,23,PF,201,209,10
diabamo01,LAC,2024,25,C,208,210,1
georgpa01,LAC,2024,13,PF,203,220,13
hardeja01,LAC,2024,1,PG,196,220,14
hylanbo01,LAC,2024,5,PG,188,169,2
leonaka01,LAC,2024,2,SF,198,225,11
mannte01,LAC,2024,14,SG,198,215,4
martike04,LAC,2024,6,SF,198,215,3
millejo02,LAC,2024,11,SF,196,194,0
moonxa01,LAC,2024,22,SG,183,165,2
plumlma01,LAC,2024,44,C,213,254,10
powelno01,LAC,2024,24,SG,190,215,8
primojo01,LAC,2024,12,SG,193,189,2
theisda01,LAC,2024,10,C,203,245,6
tuckepj01,LAC,2024,17,PF,196,245,12
westbru01,LAC,2024,0,PG,193,200,15
zubaciv01,LAC,2024,40,C,213,240,7
browngr01,DAL,2024,13,PF,201,206,2
curryse01,DAL,2024,30,SG,185,185,9
dennide01,DAL,2024,17,SG,196,210,0
doncilu01,DAL,2024,77,PG,203,230,5
exumda01,DAL,2024,0,PG,196,214,6
fudgeal01,DAL,2024,3,SF,203,200,0
gaffoda01,DAL,2024,21,PF,208,265,4
greenjo02,DAL,2024,8,SG,198,200,3
hardati02,DAL,2024,10,SF,196,205,10
hardyja02,DAL,2024,1,SG,190,198,1
holmeri01,DAL,2024,20,C,206,235,8
irvinky01,DAL,2024,11,SG,188,195,12
jonesde02,DAL,2024,55,SF,198,210,7
klebima01,DAL,2024,42,C,208,240,6
lawsoaj01,DAL,2024,9,SG,198,179,1
livelde01,DAL,2024,2,C,216,230,0
morrima02,DAL,2024,88,PF,206,245,12
poweldw01,DAL,2024,7,C,208,240,9
prospol01,DAL,2024,18,PF,201,230,0
washipj01,DAL,2024,25,PF,201,230,4
willibr03,DAL,2024,00,PG,185,190,1
willigr01,DAL,2024,3,PF,201,236,4
allengr01,PHO,2024,8,SG,190,198,5
azubuud01,PHO,2024,27,C,211,270,3
bateske01,PHO,2024,21,SF,203,229,5
bealbr01,PHO,2024,3,SG,193,207,11
bolbo01,PHO,2024,11,PF,221,220,4
bookede01,PHO,2024,1,PG,196,206,8
duranke01,PHO,2024,35,PF,211,240,15
eubandr01,PHO,2024,14,C,208,245,5
goodwjo01,PHO,2024,0,PG,190,215,2
gordoer01,PHO,2024,23,SG,190,215,15
leesa01,PHO,2024,38,PG,188,183,3
littlna01,PHO,2024,25,SF,198,220,4
maledth01,PHO,2024,12,PG,193,175,3
metuch01,PHO,2024,4,C,208,225,5
nurkiju01,PHO,2024,20,C,211,290,9
onealro01,PHO,2024,00,SF,198,226,6
okogijo01,PHO,2024,2,SG,193,213,5
roddyda01,PHO,2024,21,PF,196,255,1
thomais02,PHO,2024,4,PG,175,185,11
wainris01,PHO,2024,12,SF,196,250,2
watanyu01,PHO,2024,18,SF,206,215,5
youngth01,PHO,2024,30,PF,203,225,16
alvarjo01,NOP,2024,15,PG,183,179,2
brockiz01,NOP,2024,21,PG,193,196,0
crutcja01,NOP,2024,10,PG,185,175,0
daniedy01,NOP,2024,11,PG,201,199,1
gateska01,NOP,2024,12,SF,203,223,0
hawkijo01,NOP,2024,24,SG,196,190,0
ingrabr01,NOP,2024,14,SF,203,190,7
joneshe01,NOP,2024,5,SF,201,206,2
lewiski01,NOP,2024,13,PG,185,170,3
liddeej01,NOP,2024,32,PF,198,240,0
marshna01,NOP,2024,8,SF,198,220,3
mccolcj01,NOP,2024,3,PG,190,190,10
murphtr02,NOP,2024,25,SF,203,206,2
nancela02,NOP,2024,22,C,198,245,8
robinje02,NOP,2024,50,PF,206,240,2
ryanma01,NOP,2024,37,SF,198,215,2
seabrde01,NOP,2024,0,SG,196,180,1
valanjo01,NOP,2024,17,C,211,265,11
willizi01,NOP,2024,1,PF,198,284,3
zelleco01,NOP,2024,40,C,211,240,10
castlco01,LAL,2024,14,C,208,250,0
chrisma02,LAL,2024,10,SG,196,190,1
davisan02,LAL,2024,3,C,208,253,11
dinwisp01,LAL,2024,26,PG,196,215,9
fudgeal01,LAL,2024,17,SF,203,200,0
gilesha01,LAL,2024,20,C,208,240,3
hachiru01,LAL,2024,28,PF,203,230,4
hayesja02,LAL,2024,11,C,213,220,4
hodgedm01,LAL,2024,55,SG,190,188,0
hoodsja01,LAL,2024,0,SG,196,210,0
jamesle01,LAL,2024,23,PF,206,250,20
lewisma05,LAL,2024,21,SF,201,215,0
mayssk01,LAL,2024,4,SG,193,205,3
princta02,LAL,2024,12,PF,198,218,7
reaveau01,LAL,2024,15,SG,196,197,2
reddica01,LAL,2024,5,SF,201,230,4
russeda01,LAL,2024,1,PG,190,193,8
vandeja01,LAL,2024,2,PF,203,214,5
vincega01,LAL,2024,7,PG,188,200,4
windldy01,LAL,2024,20,SF,201,196,3
woodch01,LAL,2024,35,PF,203,214,7
barneha02,SAC,2024,40,PF,201,225,11
duartch01,SAC,2024,3,SF,196,190,2
edwarke02,SAC,2024,17,SF,203,203,2
elliske01,SAC,2024,23,SG,193,175,1
fordjo01,SAC,2024,31,PG,185,175,0
foxde01,SAC,2024,5,PG,190,185,6
huertke01,SAC,2024,9,SG,198,198,5
jonesco02,SAC,2024,20,SG,198,207,0
jonesma05,SAC,2024,8,SG,193,200,2
lenal01,SAC,2024,25,C,213,250,10
lylestr01,SAC,2024,41,PF,206,234,8
mcgeeja01,SAC,2024,00,C,213,270,15
mitchda01,SAC,2024,15,PG,183,202,2
monkma01,SAC,2024,0,SG,190,200,6
murrake02,SAC,2024,13,SF,203,225,1
petrufi01,SAC,2024,33,C,211,225,0
sabondo01,SAC,2024,10,C,208,240,7
slawsja01,SAC,2024,18,SF,201,215,0
toscaju01,SAC,2024,95,SF,198,209,4
vezenal01,SAC,2024,7,PF,203,225,0
curryst01,GSW,2024,30,PG,188,185,14
garubus01,GSW,2024,12,PF,203,229,2
greendr01,GSW,2024,23,PF,198,230,11
jackstr02,GSW,2024,32,PF,206,245,0
josepco01,GSW,2024,1,PG,188,200,12
kuminjo01,GSW,2024,00,PF,201,225,2
looneke01,GSW,2024,5,C,206,222,8
moodymo01,GSW,2024,4,SG,196,211,2
paulch01,GSW,2024,3,PG,183,175,18
paytoga02,GSW,2024,0,SG,188,195,7
podzibr01,GSW,2024,2,SG,193,205,0
quinole01,GSW,2024,25,SG,196,208,1
robinje01,GSW,2024,18,SG,196,190,3
santogu01,GSW,2024,15,PF,201,185,0
saricda01,GSW,2024,20,C,208,225,6
spencpa01,GSW,2024,61,PG,188,205,0
thompkl01,GSW,2024,11,SF,196,220,10
wiggian01,GSW,2024,22,SF,198,197,9
brookdi01,HOU,2024,9,SF,201,225,6
bullore01,HOU,2024,25,SF,198,205,10
easonta01,HOU,2024,17,PF,203,215,1
greenja05,HOU,2024,4,SG,193,186,2
greenje02,HOU,2024,32,PF,203,235,15
hintona01,HOU,2024,14,SG,196,210,2
holidaa01,HOU,2024,0,PG,183,185,5
landajo01,HOU,2024,2,C,211,255,2
marjabo01,HOU,2024,51,C,224,290,8
samueje01,HOU,2024,00,SF,198,230,0
sengual01,HOU,2024,28,C,211,243,2
smithja05,HOU,2024,10,PF,211,220,1
tateja01,HOU,2024,8,SF,193,230,3
thompam01,HOU,2024,1,SF,201,200,0
vanvlfr01,HOU,2024,5,PG,183,197,7
whitmca01,HOU,2024,7,SF,198,230,0
willije02,HOU,2024,19,SG,196,205,1
agbajoc01,UTA,2024,30,SG,196,215,1
bazleda01,UTA,2024,21,PF,206,216,4
clarkjo01,UTA,2024,00,SG,196,194,9
collijo01,UTA,2024,20,PF,206,226,6
dunnkr01,UTA,2024,11,PG,190,205,7
fontesi01,UTA,2024,16,SF,201,209,1
georgke01,UTA,2024,3,PG,193,185,0
hendrta01,UTA,2024,0,PF,206,215,0
hortota01,UTA,2024,5,PG,193,234,4
juzanjo01,UTA,2024,33,SG,201,226,1
kesslwa01,UTA,2024,24,C,218,245,1
lewiski01,UTA,2024,13,PG,185,170,3
loftoke01,UTA,2024,34,PF,198,275,1
markkla01,UTA,2024,23,PF,216,240,6
olynyke01,UTA,2024,41,C,213,240,10
pottemi01,UTA,2024,25,PF,206,248,2
prestja01,UTA,2024,10,PG,190,181,1
samanlu01,UTA,2024,19,PF,208,227,3
sensabr01,UTA,2024,8,SF,198,235,0
sextoco01,UTA,2024,2,SG,190,190,5
yurtsom01,UTA,2024,77,C,211,275,2
aldamsa01,MEM,2024,7,PF,213,215,2
allenti01,MEM,2024,0,SF,198,210,0
banede01,MEM,2024,22,SG,198,215,3
biyombi01,MEM,2024,18,C,203,255,12
clarkbr01,MEM,2024,15,PF,203,215,4
evbuoto01,MEM,2024,18,SF,203,217,0
gabriwe01,MEM,2024,32,PF,206,205,4
gilyaja01,MEM,2024,0,PG,173,160,1
goodwjo01,MEM,2024,4,PG,190,215,2
harrish01,MEM,2024,1,SG,193,195,6
hurtma01,MEM,2024,20,PF,206,233,0
jacksgg01,MEM,2024,45,PF,206,210,0
jacksja02,MEM,2024,13,C,208,242,5
jarrede01,MEM,2024,77,SG,196,185,1
jemistr01,MEM,2024,55,C,208,270,0
kennalu01,MEM,2024,10,SG,196,206,6
konchjo01,MEM,2024,46,SF,196,210,4
laravja01,MEM,2024,3,PF,201,235,1
loftoke01,MEM,2024,6,PF,198,275,1
moranja01,MEM,2024,12,PG,188,174,4
nowelja01,MEM,2024,24,SG,193,201,4
pereima01,MEM,2024,25,SF,203,177,0
pippesc02,MEM,2024,1,PG,188,170,1
roddyda01,MEM,2024,21,PF,196,255,1
rosede01,MEM,2024,23,PG,190,200,14
simpsza01,MEM,2024,2,PG,183,190,1
smartma01,MEM,2024,36,PG,190,220,9
stevela01,MEM,2024,24,PF,201,230,3
tillmxa01,MEM,2024,2,C,203,245,3
watanyu01,MEM,2024,18,SF,206,215,5
whiteja03,MEM,2024,14,SF,201,225,1
willivi01,MEM,2024,5,SG,193,205,1
willizi02,MEM,2024,8,SF,206,185,2
barlodo01,SAS,2024,26,PF,206,215,1
bassech01,SAS,2024,28,C,208,230,2
bouyeja01,SAS,2024,15,PG,188,180,1
branhma01,SAS,2024,22,PG,193,180,1
champju02,SAS,2024,30,SF,201,217,1
cissosi01,SAS,2024,25,SF,198,220,0
colliza01,SAS,2024,23,C,206,250,5
diakima01,SAS,2024,29,PF,206,228,3
dukeda01,SAS,2024,7,SG,193,204,2
grahade01,SAS,2024,4,PG,185,195,5
grayra01,SAS,2024,41,PF,201,260,1
johnske04,SAS,2024,3,SF,198,220,4
jonestr01,SAS,2024,33,PG,185,185,3
mamuksa01,SAS,2024,54,C,206,240,2
mcderdo01,SAS,2024,17,SF,201,225,9
osmande01,SAS,2024,16,SF,201,230,6
sochaje01,SAS,2024,10,PF,203,230,1
vassede01,SAS,2024,24,SG,196,200,3
wembavi01,SAS,2024,1,C,224,235,0
weslebl01,SAS,2024,14,SG,193,190,1
aytonde01,POR,2024,2,C,213,252,5
badjiib01,POR,2024,41,C,208,240,0
bantoda01,POR,2024,5,PG,203,203,2
bouyeja01,POR,2024,21,PG,188,180,1
brogdma01,POR,2024,11,PG,193,229,7
brownmo01,POR,2024,10,C,218,258,4
camarto01,POR,2024,33,PF,201,230,0
grantje01,POR,2024,9,PF,201,213,9
haganas01,POR,2024,19,PG,190,190,1
hendesc01,POR,2024,00,PG,190,207,0
mayssk01,POR,2024,5,PG,193,205,3
minayju01,POR,2024,24,SF,196,205,1
mooreta02,POR,2024,76,SG,196,195,0
murrakr01,POR,2024,8,SF,203,218,0
reathdu01,POR,2024,26,C,206,245,0
ruperra01,POR,2024,72,SG,201,205,0
sharpsh01,POR,2024,17,SG,196,210,1
simonan01,POR,2024,1,SG,190,200,5
thybuma01,POR,2024,4,SF,196,202,4
wainris01,POR,2024,23,SF,196,250,2
walkeja01,POR,2024,34,PF,201,237,1
williro04,POR,2024,35,C,206,249,5
allenja01,CLE,2025,31,C,206,243,7
batesem01,CLE,2025,21,SF,206,202,1
garlada01,CLE,2025,10,PG,185,192,5
greenja02,CLE,2025,8,SG,196,205,5
huntede01,CLE,2025,12,SF,201,221,5
jeromty01,CLE,2025,2,SG,196,195,5
leverca01,CLE,2025,3,SF,201,205,8
merrisa01,CLE,2025,5,SG,193,205,4
mitchdo01,CLE,2025,45,SG,188,215,7
mobleev01,CLE,2025,4,PF,211,215,3
niangge01,CLE,2025,20,PF,198,230,8
okekech01,CLE,2025,18,PF,201,229,4
okorois01,CLE,2025,35,SG,193,225,4
portecr01,CLE,2025,9,PG,185,180,1
strusma01,CLE,2025,1,SF,196,215,5
thomptr01,CLE,2025,13,C,206,254,13
thorjt01,CLE,2025,15,PF,206,203,3
tomlina01,CLE,2025,30,PF,203,210,0
travelu01,CLE,2025,33,SG,198,207,0
tysonja01,CLE,2025,24,SG,198,215,0
wadede01,CLE,2025,32,PF,206,228,5
brownja02,BOS,2025,7,SF,198,223,8
craigto01,BOS,2025,12,SF,196,221,7
davisjd01,BOS,2025,20,PG,185,195,2
hausesa01,BOS,2025,30,PF,201,217,3
holidjr01,BOS,2025,4,PG,193,220,15
horfoal01,BOS,2025,42,C,203,240,17
kornelu01,BOS,2025,40,C,216,250,7
norrimi01,BOS,2025,44,PF,201,220,0
peterdr01,BOS,2025,13,PF,203,205,1
porzikr01,BOS,2025,8,C,218,240,8
pritcpa01,BOS,2025,11,PG,185,195,4
quetane01,BOS,2025,88,C,213,248,3
scheiba01,BOS,2025,55,SG,198,205,0
sprinja01,BOS,2025,44,SG,193,202,3
tatumja01,BOS,2025,0,PF,203,210,7
tillmxa01,BOS,2025,26,C,203,245,4
walshjo01,BOS,2025,27,PF,198,205,1
whitede01,BOS,2025,9,SG,193,190,7
achiupr01,NYK,2025,5,C,203,243,4
anunoog01,NYK,2025,8,PF,201,240,7
beaucma01,NYK,2025,14,SF,201,199,2
bridgmi01,NYK,2025,25,SF,198,209,6
brunsja01,NYK,2025,11,PG,188,190,6
dadiepa01,NYK,2025,4,SG,206,210,0
hartjo01,NYK,2025,3,SG,196,215,7
hukpoar01,NYK,2025,55,C,213,246,0
kolekty01,NYK,2025,13,PG,188,195,0
mcbrimi01,NYK,2025,2,SG,188,195,3
mcculke01,NYK,2025,9,SF,198,210,0
payneca01,NYK,2025,1,PG,188,183,9
robinmi01,NYK,2025,23,C,213,240,6
ryanma01,NYK,2025,37,SF,198,215,3
shamela01,NYK,2025,44,SG,196,190,6
simsje01,NYK,2025,20,C,208,250,3
toppija01,NYK,2025,00,SF,206,200,1
townska01,NYK,2025,32,C,213,248,9
tuckepj01,NYK,2025,17,SF,196,245,13
watsoan02,NYK,2025,21,SF,203,225,0
wrighde01,NYK,2025,0,PG,193,185,9
bradlto01,IND,2025,13,C,208,248,6
brownmo01,IND,2025,3,C,218,258,5
bryanth01,IND,2025,3,C,206,248,7
dennira01,IND,2025,10,PG,185,180,0
freemen01,IND,2025,8,PF,206,220,0
furphjo01,IND,2025,12,SG,203,200,0
halibty01,IND,2025,0,PG,196,185,4
jacksis01,IND,2025,22,C,203,205,3
jacksqu01,IND,2025,29,PG,193,173,2
johnsja01,IND,2025,16,PF,201,240,15
mathube01,IND,2025,00,SF,196,210,2
mccontj01,IND,2025,9,PG,185,190,9
nembhan01,IND,2025,2,SG,193,191,2
nesmiaa01,IND,2025,23,SF,196,215,4
newtotr01,IND,2025,4,SG,196,190,0
okafoja01,IND,2025,15,C,208,270,6
sheppbe01,IND,2025,26,SG,198,190,1
siakapa01,IND,2025,43,PF,203,245,8
toppiob01,IND,2025,1,PF,206,220,4
turnemy01,IND,2025,33,C,211,250,9
walkeja02,IND,2025,5,PF,201,235,1
wisemja01,IND,2025,13,C,211,240,3
antetgi01,MIL,2025,34,PF,211,243,11
beaucma01,MIL,2025,3,SF,201,199,2
bouyeja01,MIL,2025,15,PG,188,180,2
connapa01,MIL,2025,24,SG,196,209,9
greenaj01,MIL,2025,20,SG,193,190,2
jacksan01,MIL,2025,44,SG,198,209,1
johnsaj01,MIL,2025,77,SG,196,160,0
kuzmaky01,MIL,2025,18,PF,203,221,7
lillada01,MIL,2025,0,PG,188,200,12
livinch01,MIL,2025,7,SF,198,220,1
lopezbr01,MIL,2025,11,C,216,282,16
middlkh01,MIL,2025,22,SF,201,222,12
nancepe01,MIL,2025,35,PF,206,225,1
porteke02,MIL,2025,3,SG,196,203,4
portibo01,MIL,2025,9,PF,206,250,9
princta02,MIL,2025,12,SF,198,218,8
robbili01,MIL,2025,15,C,213,250,0
rolliry01,MIL,2025,13,PG,190,180,2
simsje01,MIL,2025,00,C,208,250,3
smithty02,MIL,2025,21,PF,206,224,0
trentga02,MIL,2025,5,SG,196,204,6
umudest01,MIL,2025,17,SG,198,210,2
wrighde01,MIL,2025,55,PG,193,185,9
beaslma01,DET,2025,5,SG,193,187,8
cunnica01,DET,2025,2,PG,198,220,3
durenja01,DET,2025,0,C,208,250,2
fontesi01,DET,2025,19,SF,201,209,2
hardati02,DET,2025,8,SG,196,205,11
harpero02,DET,2025,13,SF,196,233,2
harrito02,DET,2025,12,PF,203,226,13
hollaro01,DET,2025,00,SF,203,206,0
iveyja01,DET,2025,23,SG,190,195,2
jenkida01,DET,2025,24,PG,193,165,0
klintbo01,DET,2025,34,SF,206,225,0
moorewe01,DET,2025,14,SG,196,215,2
reedpa01,DET,2025,7,C,206,210,4
sassema01,DET,2025,25,PG,185,195,1
schrode01,DET,2025,17,PG,185,175,11
smithto05,DET,2025,35,PF,211,254,0
stewais01,DET,2025,28,C,203,250,4
swideco01,DET,2025,13,SF,208,220,2
thompau01,DET,2025,9,SF,201,205,1
waterli01,DET,2025,43,SG,196,210,3
willial06,DET,2025,31,SG,193,210,2
anthoco01,ORL,2025,50,PG,188,185,4
banchpa01,ORL,2025,5,PF,208,250,2
bitadgo01,ORL,2025,35,C,211,250,5
blackan01,ORL,2025,0,PG,201,200,1
caldwke01,ORL,2025,3,SG,196,204,11
cartewe01,ORL,2025,34,C,208,270,6
dasiltr01,ORL,2025,23,SF,203,217,0
harriga01,ORL,2025,14,SG,193,210,10
houstca01,ORL,2025,2,SF,203,205,2
howarje01,ORL,2025,13,SF,203,215,1
isaacjo01,ORL,2025,1,PF,208,230,5
josepco01,ORL,2025,10,PG,188,200,13
mccluma01,ORL,2025,8,SG,188,185,2
queentr01,ORL,2025,12,SG,196,190,3
suggsja01,ORL,2025,4,PG,196,205,3
wagnefr01,ORL,2025,22,SF,208,220,3
wagnemo01,ORL,2025,21,C,211,245,6
barlodo01,ATL,2025,0,PF,206,215,2
bogdabo01,ATL,2025,13,SG,196,225,7
bufkiko01,ATL,2025,4,SG,193,195,1
capelca01,ATL,2025,15,C,208,256,10
daniedy01,ATL,2025,5,SG,201,199,2
gueyemo02,ATL,2025,18,PF,211,210,1
huntede01,ATL,2025,12,SF,201,221,5
johnsja05,ATL,2025,1,SF,203,219,3
krejcvi01,ATL,2025,27,PG,203,195,3
leverca01,ATL,2025,3,SG,201,205,8
mannte01,ATL,2025,14,SG,198,215,5
mathega01,ATL,2025,24,SG,196,215,5
nancela02,ATL,2025,22,PF,198,245,9
niangge01,ATL,2025,20,PF,198,230,8
okongon01,ATL,2025,17,C,208,240,4
plowdda01,ATL,2025,29,SG,193,216,0
risacza01,ATL,2025,10,SF,203,200,0
roddyda01,ATL,2025,8,PF,196,255,2
toppija01,ATL,2025,00,SF,206,200,1
wallake01,ATL,2025,2,PG,190,185,0
youngtr01,ATL,2025,11,PG,188,164,6
balllo01,CHI,2025,2,PG,196,190,5
buzelma01,CHI,2025,14,SF,203,209,0
carteje01,CHI,2025,5,PG,183,200,6
colliza01,CHI,2025,12,PF,206,250,6
craigto01,CHI,2025,13,SF,196,221,7
dosunay01,CHI,2025,11,SG,193,200,3
duartch01,CHI,2025,27,SG,196,190,3
giddejo01,CHI,2025,3,PG,201,216,3
hortota01,CHI,2025,22,SG,193,234,5
huertke01,CHI,2025,13,SG,198,198,6
jonestr01,CHI,2025,30,PG,185,185,4
lavinza01,CHI,2025,8,SF,196,200,10
liddeej01,CHI,2025,32,PF,198,240,1
milleem01,CHI,2025,20,PF,196,215,0
phillju01,CHI,2025,15,SF,198,198,1
sanogad01,CHI,2025,21,C,206,245,1
smithja04,CHI,2025,7,C,203,215,4
terryda01,CHI,2025,25,SG,198,195,2
vucevni01,CHI,2025,9,C,206,260,13
whiteco01,CHI,2025,0,SG,193,195,5
willipa01,CHI,2025,44,PF,198,215,4
youngja05,CHI,2025,17,PG,183,185,0
adebaba01,MIA,2025,13,C,206,255,7
anderky01,MIA,2025,20,SF,203,230,10
bryanth01,MIA,2025,31,C,206,248,7
burksal01,MIA,2025,18,SG,196,214,13
butleji01,MIA,2025,22,PF,198,230,13
chrisjo01,MIA,2025,8,SG,193,215,2
herroty01,MIA,2025,14,SG,196,195,5
highsha01,MIA,2025,24,SF,196,220,4
jaqueja01,MIA,2025,11,SF,198,225,1
johnske10,MIA,2025,16,SF,198,225,0
jovicni01,MIA,2025,5,PF,208,205,2
larsspe01,MIA,2025,9,SG,196,215,0
loveke01,MIA,2025,42,PF,208,251,16
mitchda01,MIA,2025,45,PG,183,202,3
richajo01,MIA,2025,0,SG,196,200,9
robindu01,MIA,2025,55,SF,201,215,6
roziete01,MIA,2025,2,PG,185,190,9
smithdr01,MIA,2025,12,SG,188,203,2
steveis01,MIA,2025,4,PG,180,185,0
wareke01,MIA,2025,7,C,213,230,0
wiggian01,MIA,2025,22,SF,198,197,10
agbajoc01,TOR,2025,30,SG,196,215,2
barnesc01,TOR,2025,4,PF,203,237,3
barrerj01,TOR,2025,9,SF,198,214,5
battlja01,TOR,2025,77,SF,201,220,0
bouchch01,TOR,2025,25,PF,203,200,7
brownbr01,TOR,2025,11,PG,193,202,6
cartodj01,TOR,2025,3,SG,188,200,1
castlco01,TOR,2025,11,C,208,250,1
chomcul01,TOR,2025,22,PF,211,235,0
dickgr01,TOR,2025,1,SG,201,200,1
fernabr01,TOR,2025,24,C,206,240,5
lawsoaj01,TOR,2025,0,SG,198,179,2
mitchda01,TOR,2025,45,PG,183,202,3
mogbojo01,TOR,2025,2,PF,206,225,0
olynyke01,TOR,2025,41,C,213,240,11
poeltja01,TOR,2025,19,C,213,253,8
quickim01,TOR,2025,5,PG,188,190,4
rhodeja01,TOR,2025,8,SG,196,210,2
robinor01,TOR,2025,21,C,208,235,2
sheadja01,TOR,2025,23,PG,185,200,0
swideco01,TOR,2025,12,SF,208,220,2
templga01,TOR,2025,17,SG,196,195,14
walteja01,TOR,2025,14,SG,193,180,0
beekmre01,BRK,2025,4,PG,190,190,0
claxtni01,BRK,2025,33,C,211,215,5
clownno01,BRK,2025,21,PF,208,210,1
cuiyo01,BRK,2025,8,SG,196,190,0
etienty01,BRK,2025,10,PG,183,200,0
evbuoto01,BRK,2025,12,SF,203,217,1
finnedo01,BRK,2025,28,PF,201,220,8
hayeski01,BRK,2025,7,PG,193,195,4
johnsca02,BRK,2025,2,PF,203,210,5
johnske07,BRK,2025,45,SG,196,185,3
lewisma05,BRK,2025,27,SF,201,215,1
martija02,BRK,2025,16,SF,198,216,0
martity01,BRK,2025,13,SG,198,215,1
miltosh01,BRK,2025,7,SG,196,205,6
russeda01,BRK,2025,1,PG,190,193,9
schrode01,BRK,2025,17,PG,185,175,11
sharpda01,BRK,2025,20,C,208,265,3
simmobe01,BRK,2025,10,PG,208,240,6
thomaca02,BRK,2025,24,SG,190,210,3
timmedr01,BRK,2025,26,PF,206,235,0
watfotr01,BRK,2025,9,PF,203,237,3
whiteda01,BRK,2025,0,SF,198,220,1
willizi02,BRK,2025,"1, 8",SF,206,185,3
wilsoja03,BRK,2025,22,PF,198,220,1
baglema02,PHI,2025,35,SF,203,215,0
bonaad01,PHI,2025,30,C,208,235,0
brissos01,PHI,2025,22,SF,201,210,5
butleja02,PHI,2025,12,SG,190,193,3
castlco01,PHI,2025,18,C,208,250,1
councri01,PHI,2025,14,SF,198,207,1
dowtije01,PHI,2025,11,PG,190,177,3
drumman01,PHI,2025,"1, 5",C,211,279,12
edwarju01,PHI,2025,19,SF,201,203,0
embiijo01,PHI,2025,21,C,213,280,8
georgpa01,PHI,2025,8,PF,203,220,14
gordoer01,PHI,2025,23,SG,190,215,16
grimequ01,PHI,2025,5,SG,193,210,3
hoodsja01,PHI,2025,17,SG,196,210,1
jacksre01,PHI,2025,00,PG,188,208,13
lowryky01,PHI,2025,7,PG,183,196,18
martica02,PHI,2025,16,SF,196,205,5
martike04,PHI,2025,1,PF,198,215,4
maxeyty01,PHI,2025,0,PG,188,200,4
mccaija01,PHI,2025,20,SG,190,195,0
mobleis01,PHI,2025,25,PF,203,238,2
nancepe01,PHI,2025,22,C,206,225,1
okekech01,PHI,2025,18,PF,201,229,4
oubreke01,PHI,2025,9,SF,203,203,9
quinole01,PHI,2025,25,SG,196,208,2
reeseal01,PHI,2025,65,PF,206,245,0
roddyda01,PHI,2025,45,PF,196,255,2
walkelo01,PHI,2025,16,SG,193,204,6
wheelph02,PHI,2025,36,PF,203,185,0
yabusgu01,PHI,2025,28,C,201,265,2
ballla01,CHO,2025,1,PG,201,180,4
baughda01,CHO,2025,7,SG,193,194,0
bridgmi02,CHO,2025,0,PF,201,225,5
curryse01,CHO,2025,30,SG,185,185,10
diabamo01,CHO,2025,14,C,208,210,2
flynnma01,CHO,2025,22,PG,185,185,4
garrema01,CHO,2025,28,SG,196,205,1
gibsota01,CHO,2025,67,C,206,232,15
greenjo02,CHO,2025,10,SG,198,200,4
jeffrda01,CHO,2025,3,SG,196,222,5
manntr01,CHO,2025,23,PG,193,178,3
martico01,CHO,2025,11,SF,198,205,5
micicva01,CHO,2025,22,PG,190,188,1
millebr02,CHO,2025,24,SF,201,200,1
moorewe01,CHO,2025,9,SG,196,215,2
nurkiju01,CHO,2025,11,C,211,290,10
okogijo01,CHO,2025,12,SG,193,213,6
paytoel01,CHO,2025,22,PG,190,195,8
rhodeja01,CHO,2025,27,SG,196,210,2
richani01,CHO,2025,4,C,211,245,4
salauti01,CHO,2025,31,PF,208,207,0
simpskj01,CHO,2025,25,PG,188,189,0
simsja01,CHO,2025,33,SG,198,210,0
smithni01,CHO,2025,8,SG,188,185,1
willigr01,CHO,2025,2,PF,201,236,5
willima07,CHO,2025,5,C,216,240,2
wongis01,CHO,2025,21,SG,190,185,1
baglema01,WAS,2025,35,C,208,235,6
baldwpa01,WAS,2025,7,SF,213,220,2
brogdma01,WAS,2025,15,PG,193,229,8
butleja02,WAS,2025,4,PG,190,193,3
carrica01,WAS,2025,8,PG,193,190,0
champju01,WAS,2025,9,SF,198,206,3
coulibi01,WAS,2025,0,SF,201,195,1
davisjo06,WAS,2025,1,SG,193,195,2
georgky01,WAS,2025,18,SG,203,200,0
gillan01,WAS,2025,16,PF,201,230,4
holmeri01,WAS,2025,22,PF,206,235,9
johnsaj01,WAS,2025,5,SG,196,160,0
jonesco02,WAS,2025,1,SG,198,207,1
kispeco01,WAS,2025,24,SF,198,224,3
kuzmaky01,WAS,2025,33,PF,203,221,7
martija02,WAS,2025,4,SF,198,216,0
mcdanja01,WAS,2025,26,SF,206,205,5
middlkh01,WAS,2025,32,SF,201,222,12
poolejo01,WAS,2025,13,SG,193,194,5
sarral01,WAS,2025,20,C,213,205,0
smartma01,WAS,2025,36,PG,190,220,10
thorjt01,WAS,2025,21,PF,206,203,3
valanjo01,WAS,2025,17,C,211,265,12
vukcetr01,WAS,2025,00,C,213,220,1
carlsbr01,OKC,2025,15,C,213,220,0
carusal01,OKC,2025,9,SG,196,186,7
diengou01,OKC,2025,13,C,206,185,2
dortlu01,OKC,2025,5,SF,193,220,5
ducasal01,OKC,2025,88,SG,201,220,0
flaglad01,OKC,2025,14,SG,185,180,1
gilgesh01,OKC,2025,2,PG,198,195,6
harteis01,OKC,2025,55,C,213,250,6
holmgch01,OKC,2025,7,C,216,208,1
joeis01,OKC,2025,11,SG,193,165,4
jonesdi01,OKC,2025,3,SF,196,235,0
leonsma01,OKC,2025,17,SF,206,210,0
mitchaj01,OKC,2025,25,SG,193,190,0
reeseal01,OKC,2025,15,PF,206,245,0
wallaca01,OKC,2025,22,SG,190,195,1
wiggiaa01,OKC,2025,21,SG,196,190,3
willija06,OKC,2025,8,SG,196,211,2
willija07,OKC,2025,6,PF,206,240,2
willike04,OKC,2025,34,PF,201,210,6
adamsst01,HOU,2025,12,C,211,265,10
brookdi01,HOU,2025,9,SF,201,225,7
nfalyda01,HOU,2025,3,C,211,230,0
easonta01,HOU,2025,17,PF,203,215,2
greenja05,HOU,2025,4,SG,193,186,3
greenje02,HOU,2025,32,PF,203,235,16
holidaa01,HOU,2025,0,PG,183,185,6
landajo01,HOU,2025,2,C,211,255,3
mcveija01,HOU,2025,58,PF,203,215,0
roddyda01,HOU,2025,21,PF,196,255,2
sengual01,HOU,2025,28,C,211,243,3
sheppre01,HOU,2025,15,PG,188,185,0
smithja05,HOU,2025,10,PF,211,220,2
tateja01,HOU,2025,8,SF,193,230,4
thompam01,HOU,2025,1,SF,201,200,1
vanvlfr01,HOU,2025,5,PG,183,197,8
whitmca01,HOU,2025,7,SF,198,230,1
willije02,HOU,2025,19,SG,196,205,2
chrisma02,LAL,2025,12,SG,196,190,2
davisan02,LAL,2025,3,C,208,253,12
doncilu01,LAL,2025,77,PG,203,230,6
finnedo01,LAL,2025,17,PF,201,220,8
goodwjo01,LAL,2025,30,PG,190,215,3
hachiru01,LAL,2025,28,PF,203,230,5
hayesja02,LAL,2025,11,C,213,220,5
hoodsja01,LAL,2025,0,SG,196,210,1
jamesbr02,LAL,2025,9,SG,188,210,0
jamesle01,LAL,2025,23,SF,206,250,21
jemistr01,LAL,2025,55,C,208,270,1
klebima01,LAL,2025,14,PF,208,240,7
knechda01,LAL,2025,4,SF,198,215,0
kolokch01,LAL,2025,10,C,211,225,1
lenal01,LAL,2025,27,C,213,250,11
lewisma05,LAL,2025,20,SF,201,215,1
miltosh01,LAL,2025,20,SG,196,205,6
morrima02,LAL,2025,88,PF,206,245,13
olivaqu01,LAL,2025,41,PG,188,201,0
reaveau01,LAL,2025,15,SG,196,197,3
reddica01,LAL,2025,5,SF,201,230,5
russeda01,LAL,2025,1,PG,190,193,9
armeltr01,LAL,2025,94,SF,206,246,0
vandeja01,LAL,2025,2,PF,203,214,6
vincega01,LAL,2025,7,PG,188,200,5
alexatr01,DEN,2025,23,SG,196,185,0
braunch01,DEN,2025,0,SG,198,220,2
cancavl01,DEN,2025,31,PF,203,236,4
gordoaa01,DEN,2025,32,PF,203,235,10
hallpj01,DEN,2025,13,C,203,245,0
jokicni01,DEN,2025,15,C,211,284,9
jonessp01,DEN,2025,21,SF,201,225,0
jordade01,DEN,2025,6,C,211,265,16
murraja01,DEN,2025,27,PG,193,215,7
nnajize01,DEN,2025,22,PF,208,240,4
pickeja02,DEN,2025,24,SG,188,202,1
portemi01,DEN,2025,1,SF,208,218,5
saricda01,DEN,2025,9,C,208,225,7
strawju01,DEN,2025,3,SG,198,205,1
tysonhu01,DEN,2025,5,PF,203,215,1
watsope01,DEN,2025,8,SF,203,200,2
westbru01,DEN,2025,4,PG,193,200,16
baldwpa01,LAC,2025,23,SF,213,220,2
bambamo01,LAC,2025,4,C,213,231,6
batumni01,LAC,2025,33,PF,201,230,16
beaucma01,LAC,2025,0,SF,201,199,2
bogdabo01,LAC,2025,10,SG,196,225,7
brownko01,LAC,2025,21,PF,201,250,1
chrisca02,LAC,2025,12,SG,196,190,0
coffeam01,LAC,2025,7,SG,201,210,5
dunnkr01,LAC,2025,8,PG,190,205,8
eubandr01,LAC,2025,15,C,208,245,6
flowetr01,LAC,2025,9,SF,206,185,0
hardeja01,LAC,2025,1,PG,196,220,15
hylanbo01,LAC,2025,5,PG,188,169,3
jonesde02,LAC,2025,55,SF,198,210,8
joneska01,LAC,2025,23,C,211,221,2
leonaka01,LAC,2025,2,SF,198,225,12
mannte01,LAC,2025,14,SG,198,215,5
millejo02,LAC,2025,11,SF,196,194,1
millspa02,LAC,2025,88,PG,188,180,15
porteke02,LAC,2025,77,SG,196,203,4
powelno01,LAC,2025,24,SG,190,215,9
simmobe01,LAC,2025,25,PG,208,240,6
zubaciv01,LAC,2025,40,C,213,240,8
alexani01,MIN,2025,9,SG,196,205,5
clarkja02,MIN,2025,22,SG,196,205,0
conlemi01,MIN,2025,10,PG,185,175,17
dilliro01,MIN,2025,4,PG,188,175,0
divindo01,MIN,2025,0,SG,193,203,6
doziepj01,MIN,2025,35,SG,198,212,6
edwaran01,MIN,2025,5,SG,193,225,4
edwarje01,MIN,2025,14,C,213,236,0
garzalu01,MIN,2025,55,C,208,243,3
goberru01,MIN,2025,27,C,216,258,11
hylanbo01,MIN,2025,77,PG,188,169,3
inglejo01,MIN,2025,7,SF,203,220,10
mcdanja02,MIN,2025,3,PF,206,185,4
millele01,MIN,2025,33,SF,208,220,1
minotjo01,MIN,2025,8,SF,203,205,2
newtotr01,MIN,2025,13,SG,196,190,0
nixda01,MIN,2025,1,PG,190,226,3
randlju01,MIN,2025,30,PF,206,250,10
reidna01,MIN,2025,11,C,206,264,5
shannte01,MIN,2025,00,SG,198,215,0
anderky01,GSW,2025,1,PF,203,230,10
beekmre01,GSW,2025,3,PG,190,190,0
butleji01,GSW,2025,10,SF,198,230,13
colliyu01,GSW,2025,99,PG,183,190,0
curryst01,GSW,2025,30,PG,188,185,15
greendr01,GSW,2025,23,PF,198,230,12
hieldbu01,GSW,2025,7,SG,193,220,8
jackstr02,GSW,2025,32,C,206,245,1
keybr01,GSW,2025,12,SF,201,225,3
knoxke01,GSW,2025,31,SF,203,215,6
kuminjo01,GSW,2025,00,PF,201,225,3
looneke01,GSW,2025,5,C,206,222,9
meltode01,GSW,2025,8,SG,188,200,6
moodymo01,GSW,2025,4,SG,196,211,3
paytoga02,GSW,2025,0,SG,188,195,8
podzibr01,GSW,2025,2,SG,193,205,1
postqu01,GSW,2025,21,PF,213,238,0
roweja01,GSW,2025,44,PF,198,210,0
santogu01,GSW,2025,15,PF,201,185,1
schrode01,GSW,2025,71,SG,185,175,11
spencpa01,GSW,2025,61,PG,188,205,1
waterli01,GSW,2025,43,SG,196,210,3
wiggian01,GSW,2025,22,SF,198,197,10
aldamsa01,MEM,2025,7,PF,213,215,3
baglema01,MEM,2025,35,PF,208,235,6
banede01,MEM,2025,22,SG,198,215,4
castlco01,MEM,2025,8,C,208,250,1
clarkbr01,MEM,2025,15,PF,203,215,5
edeyza01,MEM,2025,14,C,221,305,0
huffja01,MEM,2025,30,C,216,240,3
jacksgg01,MEM,2025,45,PF,206,210,1
jacksja02,MEM,2025,13,C,208,242,6
kawamyu01,MEM,2025,17,PG,170,159,0
kennalu01,MEM,2025,10,SG,196,206,7
konchjo01,MEM,2025,46,SG,196,210,5
laravja01,MEM,2025,3,PF,201,235,2
moranja01,MEM,2025,12,PG,188,174,5
pippesc02,MEM,2025,1,PG,188,170,2
pullizy01,MEM,2025,2,SG,193,206,0
smartma01,MEM,2025,36,PG,190,220,10
spencca01,MEM,2025,24,SG,190,205,0
stevela01,MEM,2025,8,PF,201,230,4
wellsja01,MEM,2025,0,SG,201,206,0
willivi01,MEM,2025,5,SG,193,205,2
cartede02,SAC,2025,22,PG,188,195,0
crawfis01,SAC,2025,24,SF,198,220,0
crowdja01,SAC,2025,99,PF,198,235,12
daviste02,SAC,2025,9,SG,193,201,4
derozde01,SAC,2025,10,SF,198,220,15
elliske01,SAC,2025,23,SG,193,175,2
foxde01,SAC,2025,5,PG,190,185,7
fultzma01,SAC,2025,20,PG,193,209,7
huertke01,SAC,2025,9,SG,198,198,6
jonesco02,SAC,2025,20,SG,198,207,1
jonesis01,SAC,2025,"3, 17",PF,203,245,0
jonesma05,SAC,2025,15,SG,193,200,3
labissk01,SAC,2025,25,PF,208,235,4
laravja01,SAC,2025,33,PF,201,235,2
lavinza01,SAC,2025,8,SG,196,200,10
lenal01,SAC,2025,25,C,213,250,11
lylestr01,SAC,2025,41,PF,206,234,9
mcderdo01,SAC,2025,7,SF,201,225,10
mclaujo01,SAC,2025,3,PG,180,185,5
monkma01,SAC,2025,0,SG,190,200,7
murrake02,SAC,2025,13,PF,203,225,2
robinor01,SAC,2025,77,C,208,235,2
sabondo01,SAC,2025,11,C,208,240,8
taylote01,SAC,2025,32,PF,196,230,3
valanjo01,SAC,2025,17,C,211,265,12
brownmo01,DAL,2025,9,C,218,258,5
chrisma02,DAL,2025,00,SG,196,190,2
davisan02,DAL,2025,3,PF,208,253,12
dinwisp01,DAL,2025,26,PG,196,215,10
doncilu01,DAL,2025,77,PG,203,230,6
edwarke02,DAL,2025,20,SF,203,203,3
exumda01,DAL,2025,0,PG,196,214,7
gaffoda01,DAL,2025,21,C,208,265,5
gortmja01,DAL,2025,00,PG,188,184,0
grimequ01,DAL,2025,5,SG,193,210,3
hardyja02,DAL,2025,1,SG,190,198,2
irvinky01,DAL,2025,11,SG,188,195,13
joneska01,DAL,2025,23,C,211,221,2
kelleky01,DAL,2025,50,C,213,215,0
klebima01,DAL,2025,42,PF,208,240,7
livelde01,DAL,2025,2,C,216,230,1
marshna01,DAL,2025,13,SF,198,220,4
martica02,DAL,2025,16,SF,196,205,5
morrima02,DAL,2025,88,PF,206,245,13
poweldw01,DAL,2025,7,C,208,240,10
prospol01,DAL,2025,8,PF,201,230,1
thompkl01,DAL,2025,31,SF,196,220,11
washipj01,DAL,2025,25,PF,201,230,5
willibr03,DAL,2025,10,PG,185,190,2
allengr01,PHO,2025,8,SG,190,198,6
bealbr01,PHO,2025,3,SG,193,207,12
bolbo01,PHO,2025,11,PF,221,220,5
bookede01,PHO,2025,1,SG,196,206,9
bridgja01,PHO,2025,15,SF,201,225,0
dunnry01,PHO,2025,0,SF,201,216,0
duranke01,PHO,2025,35,PF,211,240,16
gilleco01,PHO,2025,12,PG,185,195,1
ighodos01,PHO,2025,4,PF,211,235,0
jonesty01,PHO,2025,21,PG,183,196,9
leeda03,PHO,2025,10,SG,198,210,6
martico01,PHO,2025,17,SF,198,205,5
micicva01,PHO,2025,18,PG,190,188,1
morrimo01,PHO,2025,23,PG,188,183,7
nurkiju01,PHO,2025,20,C,211,290,10
onealro01,PHO,2025,00,SF,198,226,7
okogijo01,PHO,2025,2,SG,193,213,6
plumlma01,PHO,2025,22,C,213,254,11
richani01,PHO,2025,2,C,211,245,4
washity02,PHO,2025,14,PG,190,195,2
avdijde01,POR,2025,8,SF,203,228,4
aytonde01,POR,2025,2,C,213,252,6
bantoda01,POR,2025,5,PG,203,203,3
camarto01,POR,2025,33,PF,201,230,1
cissosi01,POR,2025,91,SF,198,220,1
clingdo01,POR,2025,23,C,218,280,0
grantje01,POR,2025,9,PF,201,213,10
hendesc01,POR,2025,00,PG,190,207,1
mcgowbr01,POR,2025,11,SG,198,190,2
minayju01,POR,2025,10,SF,196,205,2
mooreta02,POR,2025,76,SG,196,195,1
murrakr01,POR,2025,24,SF,203,218,1
reathdu01,POR,2025,26,C,206,245,1
ruperra01,POR,2025,21,SG,201,205,1
sharpsh01,POR,2025,17,SG,196,210,2
simonan01,POR,2025,1,SG,190,200,6
thybuma01,POR,2025,4,SG,196,202,5
walkeja01,POR,2025,34,PF,201,237,2
williro04,POR,2025,35,C,206,249,6
barneha02,SAS,2025,40,PF,201,225,12
bassech01,SAS,2025,28,C,208,230,3
biyombi01,SAS,2025,18,C,203,255,13
branhma01,SAS,2025,22,SG,193,180,2
castlst01,SAS,2025,5,SG,198,215,0
champju02,SAS,2025,30,SF,201,217,2
cissosi01,SAS,2025,25,SF,198,220,1
colliza01,SAS,2025,23,C,206,250,6
dukeda01,SAS,2025,7,SG,193,204,3
foxde01,SAS,2025,4,PG,190,185,7
ingraha01,SAS,2025,55,SF,196,230,0
johnske04,SAS,2025,0,SF,198,220,5
jonestr01,SAS,2025,33,PG,185,185,4
mamuksa01,SAS,2025,54,PF,206,240,3
mclaujo01,SAS,2025,11,PG,180,185,5
minixri01,SAS,2025,27,SF,201,230,0
paulch01,SAS,2025,3,PG,183,175,19
sochaje01,SAS,2025,10,PF,203,230,2
vassede01,SAS,2025,24,SG,196,200,4
wembavi01,SAS,2025,1,C,224,235,1
weslebl01,SAS,2025,14,SG,193,190,2
alvarjo01,NOP,2025,15,PG,183,179,3
bambamo01,NOP,2025,4,C,213,231,6
bostobr01,NOP,2025,11,SG,198,188,3
brookke02,NOP,2025,0,SF,201,210,0
brownbr01,NOP,2025,00,PG,193,202,6
cainja01,NOP,2025,8,SF,201,191,2
greenja02,NOP,2025,4,SG,196,205,5
hawkijo01,NOP,2025,24,SG,196,190,1
ingrabr01,NOP,2025,14,SF,203,190,8
jemistr01,NOP,2025,55,C,208,270,1
joneshe01,NOP,2025,2,SF,201,206,3
kelleky01,NOP,2025,35,C,213,215,0
matkoka01,NOP,2025,17,PF,208,231,0
mccolcj01,NOP,2025,3,PG,190,190,11
missiyv01,NOP,2025,21,C,211,235,0
murphtr02,NOP,2025,25,SF,203,206,3
murrade01,NOP,2025,5,PG,193,180,7
nowelja01,NOP,2025,20,SG,193,201,5
olynyke01,NOP,2025,13,C,213,240,11
paytoel01,NOP,2025,"4, 22",PG,190,195,8
quinole01,NOP,2025,22,SG,196,208,2
reevean01,NOP,2025,12,SG,196,205,0
robinje02,NOP,2025,50,PF,206,240,3
theisda01,NOP,2025,10,C,203,245,7
willizi01,NOP,2025,1,PF,198,284,4
clarkjo01,UTA,2025,00,SG,196,194,10
colliis01,UTA,2025,13,PG,193,210,0
collijo01,UTA,2025,20,PF,206,226,7
eubandr01,UTA,2025,15,C,208,245,6
filipky01,UTA,2025,22,C,211,250,0
georgke01,UTA,2025,3,PG,193,185,1
harklej01,UTA,2025,16,SG,190,195,0
hendrta01,UTA,2025,0,PF,206,215,1
juzanjo01,UTA,2025,33,SG,201,226,2
kesslwa01,UTA,2025,24,C,218,245,2
markkla01,UTA,2025,23,PF,216,240,7
martike04,UTA,2025,99,SF,198,215,4
millspa02,UTA,2025,8,PG,188,180,15
mykhasv01,UTA,2025,19,SF,201,205,6
pottemi01,UTA,2025,25,C,206,248,3
sensabr01,UTA,2025,28,SF,198,235,1
sextoco01,UTA,2025,2,SG,190,190,6
sprinja01,UTA,2025,11,PG,193,202,3
tshieos01,UTA,2025,34,C,203,255,1
willico04,UTA,2025,5,SG,203,190,0
cunnica01,DET,2026,2,PG,198,220,4
durenja01,DET,2026,0,C,208,250,3
greenja02,DET,2026,31,SG,196,205,6
harrito02,DET,2026,12,PF,203,226,14
hollaro01,DET,2026,5,SF,203,206,1
huertke01,DET,2026,27,SG,198,198,7
iveyja01,DET,2026,23,SG,190,195,3
jenkida01,DET,2026,24,PG,193,165,1
jonesco02,DET,2026,00,SG,198,207,2
jonesis01,DET,2026,13,PF,203,245,1
klintbo01,DET,2026,34,SF,206,225,1
laniech01,DET,2026,20,SG,190,206,0
leverca01,DET,2026,8,SG,201,205,9
moorewe01,DET,2026,14,SG,196,215,3
reedpa01,DET,2026,7,C,206,210,5
robindu01,DET,2026,55,SG,201,215,7
sassema01,DET,2026,25,PG,185,195,2
smithto05,DET,2026,35,PF,211,254,1
stewais01,DET,2026,28,C,203,250,5
thompau01,DET,2026,9,SF,201,205,2
bantoda01,BOS,2026,45,PG,203,203,4
bassech01,BOS,2026,99,C,208,230,4
bouchch01,BOS,2026,99,PF,203,200,8
brownja02,BOS,2026,7,SF,198,223,9
garzalu01,BOS,2026,52,C,208,243,4
gonzahu01,BOS,2026,28,SF,198,200,0
harpero02,BOS,2026,13,SF,196,233,3
hausesa01,BOS,2026,30,PF,201,217,4
minotjo01,BOS,2026,8,PF,203,205,3
pritcpa01,BOS,2026,11,PG,185,195,5
quetane01,BOS,2026,88,C,213,248,4
scheiba01,BOS,2026,55,SG,198,205,1
shulgma01,BOS,2026,44,SG,193,210,0
simonan01,BOS,2026,4,SG,190,200,7
tatumja01,BOS,2026,0,PF,203,210,8
tillmxa01,BOS,2026,26,C,203,245,5
tonjejo01,BOS,2026,8,SG,193,218,0
vucevni01,BOS,2026,4,C,206,260,14
walshjo01,BOS,2026,27,PF,198,205,2
whitede01,BOS,2026,9,SG,193,190,8
william01,BOS,2026,77,PF,211,250,0
alvarjo01,NYK,2026,5,PG,183,179,4
anunoog01,NYK,2026,8,PF,201,240,8
bridgmi01,NYK,2026,25,SF,198,209,7
brunsja01,NYK,2026,11,PG,188,190,7
clarkjo01,NYK,2026,00,SG,196,194,11
dadiepa01,NYK,2026,4,SG,206,210,1
diawamo01,NYK,2026,51,SF,206,225,0
evbuoto01,NYK,2026,20,SF,203,217,2
hartjo01,NYK,2026,3,SF,196,215,8
hukpoar01,NYK,2026,55,C,213,246,1
jemistr01,NYK,2026,50,C,208,270,2
jonesdi01,NYK,2026,1,SF,196,235,1
kolekty01,NYK,2026,13,PG,188,195,1
mcbrimi01,NYK,2026,2,SG,188,195,4
mcculke01,NYK,2026,9,SF,198,210,1
robinmi01,NYK,2026,23,C,213,240,7
shamela01,NYK,2026,44,SG,196,190,7
sochaje01,NYK,2026,20,PF,203,230,3
townska01,NYK,2026,32,C,213,248,10
yabusgu01,NYK,2026,28,C,201,265,3
allenja01,CLE,2026,31,C,206,243,8
balllo01,CLE,2026,2,PG,196,190,6
brownda04,CLE,2026,30,SG,188,192,0
bryanth01,CLE,2026,3,C,206,248,8
elliske01,CLE,2026,14,SG,193,175,3
enarutr01,CLE,2026,21,SF,201,220,0
garlada01,CLE,2026,10,PG,185,192,6
hardeja01,CLE,2026,1,PG,196,220,16
huntede01,CLE,2026,12,SF,201,221,6
livinch01,CLE,2026,8,SF,198,220,2
merrisa01,CLE,2026,5,SG,193,205,5
minixri01,CLE,2026,12,SF,201,230,1
mitchdo01,CLE,2026,45,SG,188,215,8
mobleev01,CLE,2026,4,PF,211,215,4
nancela02,CLE,2026,22,PF,198,245,10
portecr01,CLE,2026,9,PG,185,180,2
proctty01,CLE,2026,24,PG,193,185,0
sarrol01,CLE,2026,33,C,208,240,3
schrode01,CLE,2026,8,PG,185,175,12
strusma01,CLE,2026,2,SF,196,215,6
tomlina01,CLE,2026,35,PF,203,210,1
travelu01,CLE,2026,33,SG,198,207,1
tysonja01,CLE,2026,20,SG,198,215,1
wadede01,CLE,2026,32,PF,206,228,6
agbajoc01,TOR,2026,30,SG,196,215,3
bambamo01,TOR,2026,11,C,213,231,7
barnesc01,TOR,2026,4,PF,203,237,4
barrerj01,TOR,2026,9,SF,198,214,6
battlja01,TOR,2026,77,SF,201,220,1
dickgr01,TOR,2026,1,SG,201,200,2
fultzma01,TOR,2026,20,PG,193,209,8
hepbuch01,TOR,2026,24,PG,183,190,0
ingrabr01,TOR,2026,3,SF,203,190,9
jackstr02,TOR,2026,32,C,206,245,2
lawsoaj01,TOR,2026,0,SG,198,179,3
mamuksa01,TOR,2026,54,C,206,240,4
martial01,TOR,2026,55,SG,188,210,0
mogbojo01,TOR,2026,2,PF,206,225,1
murraco01,TOR,2026,12,PF,201,245,0
poeltja01,TOR,2026,19,C,213,253,9
quickim01,TOR,2026,5,PG,188,190,5
sheadja01,TOR,2026,23,PG,185,200,1
templga01,TOR,2026,17,SG,196,195,15
walteja01,TOR,2026,14,SG,193,180,1
alexani01,ATL,2026,7,SG,196,205,6
bradlto01,ATL,2026,13,C,208,248,7
daniedy01,ATL,2026,5,SG,201,199,3
nfalyda01,ATL,2026,12,C,211,230,1
dennira01,ATL,2026,"00, 0",PG,185,180,1
gilbeke01,ATL,2026,51,SG,193,200,0
gueyemo02,ATL,2026,18,PF,211,210,2
hieldbu01,ATL,2026,8,SG,193,220,9
houstca01,ATL,2026,33,SF,203,205,3
johnsja05,ATL,2026,1,SF,203,219,4
kennalu01,ATL,2026,"3, 4",SG,196,206,8
kispeco01,ATL,2026,24,SF,198,224,4
kolokch01,ATL,2026,35,C,211,225,2
krejcvi01,ATL,2026,27,PG,203,195,4
kuminjo01,ATL,2026,0,PF,201,225,4
landajo01,ATL,2026,31,C,211,255,4
mccolcj01,ATL,2026,3,PG,190,190,12
newelas01,ATL,2026,14,PF,208,220,0
okongon01,ATL,2026,17,C,208,240,5
porzikr01,ATL,2026,8,C,218,240,9
risacza01,ATL,2026,10,SF,203,200,1
toppija01,ATL,2026,0,SF,206,200,2
vincega01,ATL,2026,4,PG,188,200,6
wallake01,ATL,2026,2,PG,190,185,1
youngtr01,ATL,2026,11,PG,188,164,7
baldwpa01,PHI,2026,35,SF,213,220,3
barlodo01,PHI,2026,25,PF,206,215,3
bassech01,PHI,2026,28,C,208,230,4
beaucma01,PHI,2026,16,SF,201,199,3
bonaad01,PHI,2026,30,C,208,235,1
broomjo01,PHI,2026,22,C,208,235,0
drumman01,PHI,2026,1,C,211,279,13
edgecvj01,PHI,2026,77,SG,193,180,0
edwarju01,PHI,2026,11,SF,201,203,1
embiijo01,PHI,2026,21,C,213,280,9
georgpa01,PHI,2026,8,PF,203,220,15
gordoer01,PHI,2026,23,SG,190,215,17
grimequ01,PHI,2026,5,SG,193,210,4
lowryky01,PHI,2026,7,PG,183,196,19
martity01,PHI,2026,23,SG,198,215,2
maxeyty01,PHI,2026,0,PG,188,200,5
mccaija01,PHI,2026,20,SG,190,195,1
oubreke01,PHI,2026,9,SF,203,203,10
payneca01,PHI,2026,20,PG,188,183,10
sallihu01,PHI,2026,45,SG,193,185,0
terryda01,PHI,2026,14,SG,198,195,3
walkeja01,PHI,2026,33,PF,201,237,3
watfotr01,PHI,2026,12,PF,203,237,4
banchpa01,ORL,2026,5,PF,208,250,3
banede01,ORL,2026,3,SG,198,215,5
bitadgo01,ORL,2026,35,C,211,250,6
blackan01,ORL,2026,0,PG,201,200,2
cainja01,ORL,2026,8,SF,201,191,3
carteje01,ORL,2026,2,PG,183,200,7
cartewe01,ORL,2026,34,C,208,270,7
castlco01,ORL,2026,14,C,208,250,2
dasiltr01,ORL,2026,23,SF,203,217,1
howarje01,ORL,2026,13,SF,203,215,2
isaacjo01,ORL,2026,1,PF,208,230,6
jonesty01,ORL,2026,2,PG,183,196,10
moralal01,ORL,2026,30,PG,198,180,0
pendano01,ORL,2026,93,SF,201,215,0
richaja02,ORL,2026,11,SG,185,180,0
robinor01,ORL,2026,7,C,208,235,3
suggsja01,ORL,2026,4,PG,196,205,4
wagnefr01,ORL,2026,22,SF,208,220,4
wagnemo01,ORL,2026,21,C,211,245,7
ballla01,CHO,2026,1,PG,201,180,5
bridgmi02,CHO,2026,0,PF,201,225,6
connapa01,CHO,2026,21,SG,196,209,10
diabamo01,CHO,2026,14,C,208,210,3
greenjo02,CHO,2026,10,SG,198,200,5
hallpj01,CHO,2026,16,C,203,245,1
jamessi01,CHO,2026,4,SG,196,220,0
kalkbry01,CHO,2026,11,C,216,256,0
knuepko01,CHO,2026,7,SF,198,215,0
manntr01,CHO,2026,23,PG,193,178,4
mcneeli01,CHO,2026,33,SF,201,210,0
millebr02,CHO,2026,24,SF,201,200,2
peterdr01,CHO,2026,9,PF,203,205,2
plumlma01,CHO,2026,22,C,213,254,12
reevean01,CHO,2026,12,SG,196,205,1
salauti01,CHO,2026,31,PF,208,207,1
sextoco01,CHO,2026,8,SG,190,190,7
simpskj01,CHO,2026,25,PG,188,189,1
tillmxa01,CHO,2026,26,C,203,245,5
whiteco01,CHO,2026,3,SG,193,195,6
willigr01,CHO,2026,2,PF,201,236,6
adebaba01,MIA,2026,13,C,206,255,8
fontesi01,MIA,2026,0,SF,201,209,3
gardnmy01,MIA,2026,15,SF,196,220,0
goldivl01,MIA,2026,50,C,213,250,0
herroty01,MIA,2026,14,SG,196,195,6
jakucka01,MIA,2026,25,PG,196,200,0
jaqueja01,MIA,2026,11,SF,198,225,2
johnske10,MIA,2026,16,SF,198,225,1
jovicni01,MIA,2026,5,PF,208,205,3
keelstr01,MIA,2026,8,SG,190,215,1
larsspe01,MIA,2026,9,SG,196,215,1
mitchda01,MIA,2026,45,PG,183,202,4
powelno01,MIA,2026,24,SG,190,215,10
smithdr01,MIA,2026,12,SG,188,203,3
wareke01,MIA,2026,7,C,213,230,1
wiggian01,MIA,2026,22,SF,198,197,11
youngja05,MIA,2026,17,PG,183,185,1
antetal01,MIL,2026,29,SF,203,214,0
antetgi01,MIL,2026,34,PF,211,243,12
antetth01,MIL,2026,43,SF,201,219,6
anthoco01,MIL,2026,50,PG,188,185,5
coffeam01,MIL,2026,17,SG,201,210,6
diengou01,MIL,2026,21,C,206,185,3
greenaj01,MIL,2026,20,SG,193,190,3
harriga01,MIL,2026,11,SG,193,210,11
jacksan01,MIL,2026,44,SG,198,209,2
kuzmaky01,MIL,2026,18,PF,203,221,8
nancepe01,MIL,2026,35,PF,206,225,2
porteke02,MIL,2026,7,PG,196,203,5
portibo01,MIL,2026,9,PF,206,250,10
princta02,MIL,2026,12,SF,198,218,9
rolliry01,MIL,2026,13,PG,190,180,3
ryanco01,MIL,2026,30,SG,196,195,0
searsma01,MIL,2026,19,PG,183,185,0
simsje01,MIL,2026,00,C,208,250,4
thomaca02,MIL,2026,24,SG,190,210,4
trentga02,MIL,2026,5,SG,196,204,7
turnemy01,MIL,2026,3,C,211,250,10
buzelma01,CHI,2026,14,PF,203,209,1
carteje01,CHI,2026,5,PG,183,200,7
colliza01,CHI,2026,12,C,206,250,7
dilliro01,CHI,2026,7,PG,188,175,1
dosunay01,CHI,2026,11,SG,193,200,4
essenno01,CHI,2026,24,PF,203,200,0
flowetr01,CHI,2026,00,SF,206,185,1
giddejo01,CHI,2026,3,PG,201,216,4
gueyemo01,CHI,2026,16,PF,206,210,1
huertke01,CHI,2026,13,SF,198,198,7
iveyja01,CHI,2026,31,SG,190,195,3
jonestr01,CHI,2026,30,PG,185,185,5
kawamyu01,CHI,2026,8,PG,170,159,1
mccluma01,CHI,2026,5,SG,188,185,3
milleem01,CHI,2026,2,PF,196,215,1
millele01,CHI,2026,11,SF,208,220,2
okorois01,CHI,2026,35,SG,193,225,5
olbrila01,CHI,2026,47,C,203,236,0
phillju01,CHI,2026,15,SF,198,198,2
richani01,CHI,2026,13,C,211,245,5
sextoco01,CHI,2026,2,SG,190,190,7
simonan01,CHI,2026,"2, 22",SG,190,200,7
smithja04,CHI,2026,25,C,203,215,5
terryda01,CHI,2026,7,SG,198,195,3
vucevni01,CHI,2026,9,C,206,260,14
whiteco01,CHI,2026,0,SG,193,195,6
willipa01,CHI,2026,44,PF,198,215,5
yabusgu01,CHI,2026,28,C,201,265,3
agbajoc01,BRK,2026,30,SG,196,215,3
claxtni01,BRK,2026,33,C,211,215,6
clownno01,BRK,2026,21,PF,208,210,2
demineg01,BRK,2026,8,PG,203,200,0
etienty01,BRK,2026,10,PG,183,200,1
johnsch06,BRK,2026,31,SF,201,220,0
liddeej01,BRK,2026,9,PF,198,240,2
mannte01,BRK,2026,14,SG,198,215,6
martity01,BRK,2026,13,SG,198,215,2
minotjo01,BRK,2026,00,SF,203,205,3
nelsogr02,BRK,2026,16,PF,213,215,0
portemi01,BRK,2026,17,SF,208,218,6
poweldr01,BRK,2026,4,SG,196,195,0
sarafbe01,BRK,2026,77,SG,198,200,0
scotttr01,BRK,2026,13,PF,203,225,1
sharpda01,BRK,2026,20,C,208,265,4
smithma02,BRK,2026,18,SG,193,205,0
thomaca02,BRK,2026,24,SG,190,210,4
traorno01,BRK,2026,88,PG,190,185,0
willizi02,BRK,2026,1,SF,206,185,4
wilsoja03,BRK,2026,22,PF,198,220,2
wolfda01,BRK,2026,2,PF,211,250,0
bradlto01,IND,2026,13,C,208,248,7
brownko01,IND,2026,24,PF,201,250,2
dennira01,IND,2026,10,PG,185,180,1
furphjo01,IND,2026,12,SG,203,200,1
huffja01,IND,2026,32,C,216,240,4
jacksis01,IND,2026,22,C,203,205,4
jacksqu01,IND,2026,29,PG,193,173,3
joneska03,IND,2026,7,SG,193,200,0
martico01,IND,2026,11,SF,198,205,6
mathega01,IND,2026,24,SG,196,215,6
mathube01,IND,2026,00,SF,196,210,3
mccluma01,IND,2026,3,SG,188,185,3
mccontj01,IND,2026,9,PG,185,190,10
morrimo01,IND,2026,3,PG,188,183,8
nembhan01,IND,2026,2,PG,193,191,3
nesmiaa01,IND,2026,23,SF,196,215,5
peterta01,IND,2026,4,SG,190,185,0
pottemi01,IND,2026,11,C,206,248,4
robinje02,IND,2026,25,PF,206,240,4
sheppbe01,IND,2026,26,SG,198,190,2
siakapa01,IND,2026,43,PF,203,245,9
slawsja01,IND,2026,18,SF,201,215,1
thompet01,IND,2026,55,SG,193,195,0
toppiob01,IND,2026,1,PF,206,220,5
walkeja02,IND,2026,5,PF,201,235,2
wisemja01,IND,2026,11,C,211,240,4
zubaciv01,IND,2026,40,C,213,240,9
baglema01,WAS,2026,35,PF,208,235,7
blackle01,WAS,2026,14,SF,198,209,1
branhma01,WAS,2026,8,SG,193,180,3
carrica01,WAS,2026,7,PG,193,190,1
champju01,WAS,2026,9,SF,198,206,4
coopesh01,WAS,2026,13,PG,183,176,1
coulibi01,WAS,2026,0,SG,201,195,2
georgky01,WAS,2026,18,SF,203,200,1
gilbeke01,WAS,2026,55,PG,193,200,0
gillan01,WAS,2026,16,PF,201,230,5
hardyja02,WAS,2026,8,SG,190,198,3
johnsaj01,WAS,2026,4,SG,196,160,1
johnstr03,WAS,2026,12,SG,196,190,0
kispeco01,WAS,2026,24,SF,198,224,4
labissk01,WAS,2026,17,PF,208,235,5
mccolcj01,WAS,2026,3,SG,190,190,12
middlkh01,WAS,2026,22,SF,201,222,13
reeseju01,WAS,2026,15,PF,206,230,0
richmka01,WAS,2026,19,SG,196,205,0
rileywi01,WAS,2026,27,SF,206,180,0
sarral01,WAS,2026,20,C,213,205,1
vukcetr01,WAS,2026,00,C,213,220,2
watkija01,WAS,2026,5,SG,198,210,0
whitmca01,WAS,2026,1,SF,198,230,2
willial06,WAS,2026,31,SG,193,210,3
youngtr01,WAS,2026,3,PG,188,164,7
barnhbr01,OKC,2026,23,SG,196,230,0
boehebu01,OKC,2026,14,SF,196,205,2
carlsbr01,OKC,2026,15,C,213,220,1
carusal01,OKC,2026,9,SG,196,186,8
diengou01,OKC,2026,13,C,206,185,3
dortlu01,OKC,2026,5,SF,193,220,6
gilgesh01,OKC,2026,2,PG,198,195,7
harteis01,OKC,2026,55,C,213,250,7
holmgch01,OKC,2026,7,PF,216,208,2
joeis01,OKC,2026,11,SG,193,165,5
mccaija01,OKC,2026,3,SG,190,195,1
mitchaj01,OKC,2026,25,SG,193,190,1
sandfpa01,OKC,2026,14,SF,201,215,0
topicni01,OKC,2026,44,PG,198,200,0
wallaca01,OKC,2026,22,SG,190,195,2
wiggiaa01,OKC,2026,21,SG,196,190,4
willija06,OKC,2026,8,SG,196,211,3
willija07,OKC,2026,6,PF,206,240,3
willike04,OKC,2026,34,PF,201,210,7
youngch01,OKC,2026,3,SG,193,221,0
barneha02,SAS,2026,40,PF,201,225,13
biyombi01,SAS,2026,18,C,203,255,14
bryanca01,SAS,2026,11,PF,198,220,0
castlst01,SAS,2026,5,PG,198,215,1
champju02,SAS,2026,30,SF,201,217,3
foxde01,SAS,2026,4,PG,190,185,8
harpedy01,SAS,2026,2,SG,196,215,0
ingraha01,SAS,2026,55,SF,196,230,1
johnske04,SAS,2026,3,SF,198,220,6
jonesda06,SAS,2026,25,SF,193,210,0
kornelu01,SAS,2026,7,C,216,250,8
mclaujo01,SAS,2026,0,PG,180,185,6
minixri01,SAS,2026,27,SF,201,230,1
olynyke01,SAS,2026,8,C,213,240,12
plumlma01,SAS,2026,45,C,213,254,12
sochaje01,SAS,2026,10,PF,203,230,3
umudest01,SAS,2026,17,SG,198,210,3
vassede01,SAS,2026,24,SG,196,200,5
waterli01,SAS,2026,43,SG,196,210,4
wembavi01,SAS,2026,1,C,224,235,2
braunch01,DEN,2026,0,SG,198,220,3
brownbr01,DEN,2026,11,SG,193,202,7
gordoaa01,DEN,2026,32,PF,203,235,11
hardati02,DEN,2026,10,SG,196,205,12
holmeda01,DEN,2026,14,PF,206,225,0
johnsca02,DEN,2026,23,SF,203,210,6
jokicni01,DEN,2026,15,C,211,284,10
jonescu01,DEN,2026,1,SG,190,195,0
jonessp01,DEN,2026,21,SF,201,225,1
jonesty01,DEN,2026,5,PG,183,196,10
murraja01,DEN,2026,27,PG,193,215,8
nnajize01,DEN,2026,22,PF,208,240,5
pickeja02,DEN,2026,24,SG,188,202,2
roddyda01,DEN,2026,45,PF,196,255,3
simpskj01,DEN,2026,25,PG,188,189,1
strawju01,DEN,2026,3,SG,198,205,2
tysonhu01,DEN,2026,5,PF,203,215,2
valanjo01,DEN,2026,17,C,211,265,13
watsope01,DEN,2026,8,SF,203,200,3
aytonde01,LAL,2026,5,C,213,252,7
bufkiko01,LAL,2026,18,SG,193,195,2
doncilu01,LAL,2026,77,PG,203,230,7
hachiru01,LAL,2026,28,PF,203,230,6
hayesja02,LAL,2026,11,C,213,220,6
jamesbr02,LAL,2026,9,SG,188,210,1
jamesle01,LAL,2026,23,SF,206,250,22
kennalu01,LAL,2026,10,SG,196,206,8
klebima01,LAL,2026,14,PF,208,240,8
knechda01,LAL,2026,4,SF,198,215,1
kolokch01,LAL,2026,10,C,211,225,2
laravja01,LAL,2026,12,PF,201,235,3
manonch01,LAL,2026,30,SG,193,209,0
reaveau01,LAL,2026,15,SG,196,197,4
smartma01,LAL,2026,36,SG,190,220,11
smithni01,LAL,2026,20,SG,188,185,2
thierad01,LAL,2026,1,SF,201,220,0
timmedr01,LAL,2026,17,PF,206,235,1
vandeja01,LAL,2026,2,PF,203,214,7
vincega01,LAL,2026,7,PG,188,200,6
adamsst01,HOU,2026,12,C,211,265,11
capelca01,HOU,2026,30,C,208,256,11
crawfis01,HOU,2026,27,SF,198,220,1
davisjd01,HOU,2026,4,PG,185,195,3
duranke01,HOU,2026,7,SF,211,240,17
easonta01,HOU,2026,17,PF,203,215,3
finnedo01,HOU,2026,2,PF,201,220,9
greenje02,HOU,2026,32,PF,203,235,17
holidaa01,HOU,2026,0,PG,183,185,7
newtotr01,HOU,2026,00,SG,196,190,1
okogijo01,HOU,2026,20,SG,193,213,7
sengual01,HOU,2026,28,C,211,243,4
sheppre01,HOU,2026,15,SG,188,185,1
smithja05,HOU,2026,10,PF,211,220,3
tateja01,HOU,2026,8,SF,193,230,5
thompam01,HOU,2026,1,PG,201,200,2
anderky01,MIN,2026,12,SF,203,230,11
berinjo01,MIN,2026,19,PF,211,230,0
clarkja02,MIN,2026,22,SG,196,205,1
conlemi01,MIN,2026,10,PG,185,175,18
dilliro01,MIN,2026,4,PG,188,175,1
divindo01,MIN,2026,0,SG,193,203,7
dosunay01,MIN,2026,13,SG,193,200,4
edwaran01,MIN,2026,5,SG,193,225,5
freemen01,MIN,2026,25,PF,206,220,1
goberru01,MIN,2026,27,C,216,258,12
hylanbo01,MIN,2026,8,PG,188,169,4
inglejo01,MIN,2026,7,SF,203,220,11
juzanjo01,MIN,2026,9,SG,201,226,3
mcdanja02,MIN,2026,3,PF,206,185,5
millele01,MIN,2026,33,SF,208,220,2
phillju01,MIN,2026,4,SF,198,198,2
pullizy01,MIN,2026,15,SG,193,206,1
randlju01,MIN,2026,30,PF,206,250,11
reidna01,MIN,2026,11,C,206,264,6
shannte01,MIN,2026,1,SG,198,215,1
zikarro01,MIN,2026,44,C,221,227,0
allengr01,PHO,2026,8,SG,190,198,7
bookede01,PHO,2026,1,SG,196,206,10
bouyeja01,PHO,2026,17,PG,188,180,3
breako01,PHO,2026,14,SG,196,215,0
brookdi01,PHO,2026,3,SF,201,225,8
coffeam01,PHO,2026,2,SG,201,210,6
dunnry01,PHO,2026,0,SF,201,216,1
flemira01,PHO,2026,20,PF,206,240,0
gilleco01,PHO,2026,12,PG,185,195,2
goodwjo01,PHO,2026,23,PG,190,215,4
greenja05,PHO,2026,4,SG,193,186,4
hayesni01,PHO,2026,21,SF,201,254,1
highsha01,PHO,2026,19,SF,196,220,5
huntlcj01,PHO,2026,22,SF,206,190,0
ighodos01,PHO,2026,11,PF,211,235,1
liveris01,PHO,2026,18,PF,198,232,3
maluakh01,PHO,2026,10,C,216,250,0
onealro01,PHO,2026,00,SF,198,226,8
richani01,PHO,2026,2,C,211,245,5
willima07,PHO,2026,15,C,216,240,3
avdijde01,POR,2026,8,SF,203,228,5
camarto01,POR,2026,33,PF,201,230,2
cissosi01,POR,2026,91,SF,198,220,2
clingdo01,POR,2026,23,C,218,280,1
cookeja01,POR,2026,18,SG,198,185,0
grantje01,POR,2026,9,PF,201,213,11
yangha01,POR,2026,16,C,216,270,0
hendesc01,POR,2026,00,PG,190,207,2
holidjr01,POR,2026,5,PG,193,220,16
kentja01,POR,2026,29,SF,203,215,0
krejcvi01,POR,2026,27,PG,203,195,4
loveca01,POR,2026,2,SG,190,212,0
murrakr01,POR,2026,24,SF,203,218,2
reathdu01,POR,2026,26,C,206,245,2
ruperra01,POR,2026,21,SG,201,205,2
sharpsh01,POR,2026,17,SG,196,210,3
thybuma01,POR,2026,4,SG,196,202,6
weslebl01,POR,2026,1,SG,193,190,3
williro04,POR,2026,35,C,206,249,7
youngch01,POR,2026,11,SG,193,221,0
baldwpa01,LAC,2026,23,SF,213,220,3
bantoda01,LAC,2026,45,PG,203,203,4
batumni01,LAC,2026,33,PF,201,230,17
bealbr01,LAC,2026,0,SG,193,207,13
bogdabo01,LAC,2026,"7, 10",SG,196,225,8
brownko01,LAC,2026,24,PF,201,250,2
chrisca02,LAC,2026,12,SG,196,190,1
collijo01,LAC,2026,20,PF,206,226,8
dennira01,LAC,2026,7,PG,185,180,1
dunnkr01,LAC,2026,8,PG,190,205,9
garlada01,LAC,2026,10,PG,185,192,6
hardeja01,LAC,2026,1,PG,196,220,16
jacksis01,LAC,2026,23,C,203,205,4
jonesde02,LAC,2026,5,SF,198,210,9
konanya01,LAC,2026,14,C,211,242,0
leonaka01,LAC,2026,2,SF,198,225,13
lopezbr01,LAC,2026,11,C,216,282,17
mathube01,LAC,2026,9,SF,196,210,3
millejo02,LAC,2026,22,SF,196,194,2
omierno01,LAC,2026,55,PF,196,248,0
paulch01,LAC,2026,3,PG,183,175,20
pedulse01,LAC,2026,00,PG,185,195,0
sandeko01,LAC,2026,4,SG,203,207,0
telfoja01,LAC,2026,19,PF,201,225,0
washity02,LAC,2026,15,PG,190,195,3
zubaciv01,LAC,2026,40,C,213,240,9
bassech01,GSW,2026,28,C,208,230,4
butleji01,GSW,2026,10,SF,198,230,14
cryerlj01,GSW,2026,18,PG,185,202,0
curryse01,GSW,2026,31,SG,185,185,11
curryst01,GSW,2026,30,PG,188,185,16
greendr01,GSW,2026,23,PF,198,230,13
hieldbu01,GSW,2026,7,SG,193,220,9
horfoal01,GSW,2026,20,C,203,240,18
jackstr02,GSW,2026,32,C,206,245,2
kuminjo01,GSW,2026,1,PF,201,225,4
leonsma01,GSW,2026,33,SF,206,210,1
meltode01,GSW,2026,8,PG,188,200,7
moodymo01,GSW,2026,4,SG,196,211,4
paytoga02,GSW,2026,0,SG,188,195,9
podzibr01,GSW,2026,2,SG,193,205,2
porzikr01,GSW,2026,7,C,218,240,9
postqu01,GSW,2026,21,PF,213,238,1
richawi02,GSW,2026,3,SG,190,206,0
santogu01,GSW,2026,15,PF,201,185,2
spencpa01,GSW,2026,61,PG,188,205,2
willije02,GSW,2026,19,SG,196,205,3
yurtsom01,GSW,2026,77,C,211,275,3
alexatr01,NOP,2026,23,SG,196,185,1
alvarjo01,NOP,2026,15,PG,183,179,4
beysa01,NOP,2026,41,SF,203,215,4
dickihu01,NOP,2026,4,C,216,255,0
fearsje01,NOP,2026,0,PG,190,190,0
hawkijo01,NOP,2026,24,SG,196,190,2
joneshe01,NOP,2026,2,SF,201,206,4
jordade01,NOP,2026,"6, 9",C,211,265,17
looneke01,NOP,2026,55,C,206,222,10
matkoka01,NOP,2026,17,PF,208,231,1
mcgowbr01,NOP,2026,11,SG,198,190,3
missiyv01,NOP,2026,21,C,211,235,1
murphtr02,NOP,2026,25,SF,203,206,4
murrade01,NOP,2026,5,PG,193,180,8
odurojo01,NOP,2026,13,PF,206,240,0
peavymi01,NOP,2026,14,SG,201,215,0
poolejo01,NOP,2026,3,PG,193,194,6
queende01,NOP,2026,22,C,206,250,0
willizi01,NOP,2026,1,PF,198,284,5
baglema01,DAL,2026,35,PF,208,235,7
chrisma02,DAL,2026,00,SG,196,190,3
cissemo01,DAL,2026,30,C,211,220,0
davisan02,DAL,2026,3,PF,208,253,13
flaggco01,DAL,2026,32,SF,206,205,0
gaffoda01,DAL,2026,21,C,208,265,6
hardyja02,DAL,2026,1,SG,190,198,3
johnsaj01,DAL,2026,8,SG,196,160,1
jonesty01,DAL,2026,1,PG,183,196,10
kellymi02,DAL,2026,14,PG,193,190,0
livelde01,DAL,2026,2,C,216,230,2
marshna01,DAL,2026,13,SF,198,220,5
martica02,DAL,2026,16,SF,196,205,6
middlkh01,DAL,2026,20,SF,201,222,13
nembhry01,DAL,2026,9,PG,180,180,0
poulajo01,DAL,2026,1,SG,198,205,0
poweldw01,DAL,2026,7,C,208,240,11
robinje02,DAL,2026,23,PF,206,240,4
russeda01,DAL,2026,5,PG,190,193,10
smithty02,DAL,2026,23,PF,206,224,1
thompkl01,DAL,2026,31,SF,196,220,12
washipj01,DAL,2026,25,PF,201,230,6
willibr03,DAL,2026,10,PG,185,190,3
aldamsa01,MEM,2026,7,PF,213,215,4
anderky01,MEM,2026,5,SF,203,230,11
balad01,MEM,2026,72,SG,201,190,0
bassech01,MEM,2026,28,C,208,230,4
burtoty01,MEM,2026,5,SF,201,215,0
caldwke01,MEM,2026,3,SG,196,204,12
clarkbr01,MEM,2026,15,PF,203,215,6
claytwa01,MEM,2026,4,PG,193,195,0
cowarce01,MEM,2026,23,SG,196,206,0
edeyza01,MEM,2026,14,C,221,305,1
gibsota01,MEM,2026,67,C,206,232,16
hallpj01,MEM,2026,16,C,203,245,1
hendrta01,MEM,2026,22,PF,206,215,2
jacksgg01,MEM,2026,45,PF,206,210,2
jacksja02,MEM,2026,8,C,208,242,7
jarrede01,MEM,2026,77,SG,196,185,2
jeromty01,MEM,2026,2,SG,196,195,6
kolokch01,MEM,2026,35,C,211,225,2
konchjo01,MEM,2026,46,SG,196,210,6
landajo01,MEM,2026,31,C,211,255,4
loverla01,MEM,2026,34,C,213,245,0
mashaja01,MEM,2026,21,SG,193,203,0
moranja01,MEM,2026,12,PG,188,174,6
okanito01,MEM,2026,5,SG,203,210,0
pippesc02,MEM,2026,1,PG,188,170,3
prospol01,MEM,2026,18,PF,201,230,2
ruperra01,MEM,2026,32,SG,201,205,2
smallja01,MEM,2026,10,PG,185,190,0
spencca01,MEM,2026,24,SG,190,205,1
wellsja01,MEM,2026,0,SG,201,206,1
whiteda01,MEM,2026,00,SF,198,220,2
willivi01,MEM,2026,5,PG,193,205,3
willilu01,MEM,2026,55,SG,193,205,0
achiupr01,SAC,2026,9,C,203,243,5
baldwpa01,SAC,2026,23,SF,213,220,3
cardwdy01,SAC,2026,32,C,208,255,0
cartede02,SAC,2026,22,PG,188,195,1
cliffni01,SAC,2026,5,SG,196,175,0
derozde01,SAC,2026,10,PF,198,220,16
elliske01,SAC,2026,23,SG,193,175,3
eubandr01,SAC,2026,19,C,208,245,7
hayeski01,SAC,2026,3,PG,193,195,5
huntede01,SAC,2026,15,SF,201,221,6
jeffrda01,SAC,2026,25,SG,196,222,6
jonesis01,SAC,2026,3,PF,203,245,1
lavinza01,SAC,2026,8,SG,196,200,11
mcderdo01,SAC,2026,7,SF,201,225,11
monkma01,SAC,2026,0,SG,190,200,8
murrake02,SAC,2026,13,PF,203,225,3
plowdda01,SAC,2026,29,SG,193,216,1
raynama01,SAC,2026,42,C,216,250,0
sabondo01,SAC,2026,11,C,208,240,9
saricda01,SAC,2026,20,C,208,225,8
schrode01,SAC,2026,17,PG,185,175,12
steveis01,SAC,2026,24,PG,180,185,1
westbru01,SAC,2026,18,SF,193,200,17
anderky01,UTA,2026,2,SF,203,230,11
baileac01,UTA,2026,19,SF,206,200,0
bambamo01,UTA,2026,11,C,213,231,7
chandke01,UTA,2026,0,PG,183,170,1
claytwa01,UTA,2026,13,PG,193,195,0
colliis01,UTA,2026,8,PG,193,210,1
filipky01,UTA,2026,22,C,211,250,1
garcian01,UTA,2026,0,SF,201,220,0
georgke01,UTA,2026,3,PG,193,185,2
grayha01,UTA,2026,33,SG,193,190,0
harklej01,UTA,2026,16,SG,190,195,1
hendrta01,UTA,2026,0,PF,206,215,2
hinsobl01,UTA,2026,2,SF,203,240,0
jacksja02,UTA,2026,20,C,208,242,7
kesslwa01,UTA,2026,24,C,218,245,3
konchjo01,UTA,2026,55,SG,196,210,6
loveke01,UTA,2026,42,PF,208,251,17
markkla01,UTA,2026,23,PF,216,240,8
mbengbe01,UTA,2026,21,SG,193,185,0
mykhasv01,UTA,2026,10,SF,201,205,7
nurkiju01,UTA,2026,30,C,211,290,11
sensabr01,UTA,2026,28,SF,198,235,2
tshieos01,UTA,2026,34,C,203,255,2
willico04,UTA,2026,5,SG,203,190,1
willivi01,UTA,2026,0,SG,193,205,3
